mes,archivo,fecha,documento,cliente,efectivo,transferencia_bancaria,cupon,total_pago,estado_captura,ruta_imagen
2026-01,WhatsApp Image 2026-01-10 at 1.27.48 PM.jpeg,2026-01-10,0000000008,"DEPOSITADORA GIGANTE, C.A.",0.0,94.78,0.0,94.78,VERIFICADO,C:\Users\Marcos\Mi unidad\FYS\Pagos_procesados\2026-01\WhatsApp Image 2026-01-10 at 1.27.48 PM.jpeg
2026-01,WhatsApp Image 2026-01-10 at 1.27.48 PM.jpeg,2026-01-10,0000000011,SUPERMERCADO EL ORIENTE DORADO CA,0.0,1279.51,0.0,1279.51,VERIFICADO,C:\Users\Marcos\Mi unidad\FYS\Pagos_procesados\2026-01\WhatsApp Image 2026-01-10 at 1.27.48 PM.jpeg
2026-01,WhatsApp Image 2026-01-12 at 10.55.53 AM.jpeg,2026-01-12,0000032473,"INVERSIONES F&V 2016, C.A",0.0,100.0,0.0,100.0,VERIFICADO,C:\Users\Marcos\Mi unidad\FYS\Pagos_procesados\2026-01\WhatsApp Image 2026-01-12 at 10.55.53 AM.jpeg
2026-01,WhatsApp Image 2026-01-12 at 10.55.53 AM.jpeg,2026-01-12,0000032483,NG DARLI MUNDO FP,0.0,275.78,0.0,275.78,VERIFICADO,C:\Users\Marcos\Mi unidad\FYS\Pagos_procesados\2026-01\WhatsApp Image 2026-01-12 at 10.55.53 AM.jpeg
2026-01,WhatsApp Image 2026-01-12 at 10.55.53 AM.jpeg,2026-01-12,0000032515,AUTOMERCADO DAVID FP,0.0,280.84,0.0,280.84,VERIFICADO,C:\Users\Marcos\Mi unidad\FYS\Pagos_procesados\2026-01\WhatsApp Image 2026-01-12 at 10.55.53 AM.jpeg
2026-01,WhatsApp Image 2026-01-12 at 10.55.53 AM.jpeg,2026-01-12,0000032514,"AUTOMERCADO Y PANADERIA LA NARANJA, C. A.",0.0,116.07,0.0,116.07,VERIFICADO,C:\Users\Marcos\Mi unidad\FYS\Pagos_procesados\2026-01\WhatsApp Image 2026-01-12 at 10.55.53 AM.jpeg
2026-01,WhatsApp Image 2026-01-12 at 10.55.53 AM.jpeg,2026-01-12,0000032516,HIPERMERCADO FAMOSO CA,0.0,500.81,0.0,500.81,VERIFICADO,C:\Users\Marcos\Mi unidad\FYS\Pagos_procesados\2026-01\WhatsApp Image 2026-01-12 at 10.55.53 AM.jpeg
2026-01,WhatsApp Image 2026-01-12 at 10.55.53 AM.jpeg,2026-01-12,0000032517,HIPERMERCADO FAMOSO CA,0.0,154.14,0.0,154.14,VERIFICADO,C:\Users\Marcos\Mi unidad\FYS\Pagos_procesados\2026-01\WhatsApp Image 2026-01-12 at 10.55.53 AM.jpeg
2026-01,WhatsApp Image 2026-01-12 at 10.55.53 AM.jpeg,2026-01-12,0000032510,"INVERSIONES TIBACUY SINAI F,P",0.0,94.35,0.0,94.35,VERIFICADO,C:\Users\Marcos\Mi unidad\FYS\Pagos_procesados\2026-01\WhatsApp Image 2026-01-12 at 10.55.53 AM.jpeg
2026-01,WhatsApp Image 2026-01-12 at 12.02.56 PM.jpeg,2026-01-12,0000000016,"CASA DANA LECHERIA, C.A",0.0,452.36,0.0,452.36,VERIFICADO,C:\Users\Marcos\Mi unidad\FYS\Pagos_procesados\2026-01\WhatsApp Image 2026-01-12 at 12.02.56 PM.jpeg
2026-01,WhatsApp Image 2026-01-12 at 12.02.56 PM.jpeg,2026-01-12,0000000022,"THE HAO SUPERMARKET, C.A",0.0,1357.08,0.0,1357.08,VERIFICADO,C:\Users\Marcos\Mi unidad\FYS\Pagos_procesados\2026-01\WhatsApp Image 2026-01-12 at 12.02.56 PM.jpeg
2026-01,WhatsApp Image 2026-01-14 at 11.57.47 AM.jpeg,2026-01-14,0000000025,SUPERMERCADO BARRIO SUCRE 88 F.P,0.0,31.53,0.0,31.53,VERIFICADO,C:\Users\Marcos\Mi unidad\FYS\Pagos_procesados\2026-01\WhatsApp Image 2026-01-14 at 11.57.47 AM.jpeg
2026-01,WhatsApp Image 2026-01-15 at 9.36.00 AM.jpeg,2026-01-15,0000000055,"INSIEME, S.A.",0.0,11.89,0.0,11.89,SOLO_TOTAL,C:\Users\Marcos\Mi unidad\FYS\Pagos_procesados\2026-01\WhatsApp Image 2026-01-15 at 9.36.00 AM.jpeg
2026-01,WhatsApp Image 2026-01-15 at 9.36.00 AM.jpeg,2026-01-15,0000000056,"FANG KING MARKET F,P",0.0,78.73,0.0,78.73,SOLO_TOTAL,C:\Users\Marcos\Mi unidad\FYS\Pagos_procesados\2026-01\WhatsApp Image 2026-01-15 at 9.36.00 AM.jpeg
2026-01,WhatsApp Image 2026-01-15 at 9.36.00 AM.jpeg,2026-01-15,0000000077,"LA BODEGUILLA ANDALUZ, C.A",0.0,227.77,0.0,227.77,SOLO_TOTAL,C:\Users\Marcos\Mi unidad\FYS\Pagos_procesados\2026-01\WhatsApp Image 2026-01-15 at 9.36.00 AM.jpeg
2026-01,WhatsApp Image 2026-01-15 at 9.36.00 AM.jpeg,2026-01-15,0000000078,AUTOMERCADO PACIFICO,0.0,1049.16,0.0,1049.16,SOLO_TOTAL,C:\Users\Marcos\Mi unidad\FYS\Pagos_procesados\2026-01\WhatsApp Image 2026-01-15 at 9.36.00 AM.jpeg
2026-01,WhatsApp Image 2026-01-16 at 8.52.42 AM.jpeg,2026-01-16,0000000100,SUPERMERCADO BARRIO SUCRE 88 F.P,113.72,0.0,0.0,113.72,VERIFICADO,C:\Users\Marcos\Mi unidad\FYS\Pagos_procesados\2026-01\WhatsApp Image 2026-01-16 at 8.52.42 AM.jpeg
2026-01,WhatsApp Image 2026-01-16 at 8.52.42 AM.jpeg,2026-01-16,0000000117,LIANG SUPERMERCADO CHAO 88 FP,0.0,553.47,0.0,553.47,VERIFICADO,C:\Users\Marcos\Mi unidad\FYS\Pagos_procesados\2026-01\WhatsApp Image 2026-01-16 at 8.52.42 AM.jpeg
2026-01,WhatsApp Image 2026-01-17 at 10.01.27 AM.jpeg,2026-01-17,0000000129,"TODO MARKET, C.A.",0.0,1234.5,0.0,1234.5,VERIFICADO,C:\Users\Marcos\Mi unidad\FYS\Pagos_procesados\2026-01\WhatsApp Image 2026-01-17 at 10.01.27 AM.jpeg
2026-01,WhatsApp Image 2026-01-17 at 10.01.27 AM.jpeg,2026-01-17,0000000130,"TODO MARKET, C.A.",0.0,844.63,0.0,844.63,VERIFICADO,C:\Users\Marcos\Mi unidad\FYS\Pagos_procesados\2026-01\WhatsApp Image 2026-01-17 at 10.01.27 AM.jpeg
2026-01,WhatsApp Image 2026-01-17 at 10.01.27 AM.jpeg,2026-01-17,0000000145,"SUPERTODO BOULEVARD, C.A",0.0,551.7,0.0,551.7,VERIFICADO,C:\Users\Marcos\Mi unidad\FYS\Pagos_procesados\2026-01\WhatsApp Image 2026-01-17 at 10.01.27 AM.jpeg
2026-01,WhatsApp Image 2026-01-17 at 10.01.27 AM.jpeg,2026-01-17,0000000146,EL BODEGON DE MOREIRA CA,0.0,374.44,0.0,374.44,VERIFICADO,C:\Users\Marcos\Mi unidad\FYS\Pagos_procesados\2026-01\WhatsApp Image 2026-01-17 at 10.01.27 AM.jpeg
2026-01,WhatsApp Image 2026-01-19 at 8.19.15 AM.jpeg,2026-01-19,0000000170,CHANG SUPERMARKET 29 DE MARZO,0.0,42.81,0.0,42.81,VERIFICADO,C:\Users\Marcos\Mi unidad\FYS\Pagos_procesados\2026-01\WhatsApp Image 2026-01-19 at 8.19.15 AM.jpeg
2026-01,WhatsApp Image 2026-01-19 at 8.19.15 AM.jpeg,2026-01-19,0000000171,COMERCIAL EL GRAN MUNDO 888 CA,0.0,1047.63,0.0,1047.63,VERIFICADO,C:\Users\Marcos\Mi unidad\FYS\Pagos_procesados\2026-01\WhatsApp Image 2026-01-19 at 8.19.15 AM.jpeg
2026-01,WhatsApp Image 2026-01-19 at 8.19.15 AM.jpeg,2026-01-19,0000000172,LI MEGA PORTELA F.P,0.0,900.06,0.0,900.06,VERIFICADO,C:\Users\Marcos\Mi unidad\FYS\Pagos_procesados\2026-01\WhatsApp Image 2026-01-19 at 8.19.15 AM.jpeg
2026-01,WhatsApp Image 2026-01-21 at 11.18.35 AM.jpeg,2026-01-21,0000000194,"MINI SUPER 2017,C.A.",0.0,292.62,0.0,292.62,VERIFICADO,C:\Users\Marcos\Mi unidad\FYS\Pagos_procesados\2026-01\WhatsApp Image 2026-01-21 at 11.18.35 AM.jpeg
2026-01,WhatsApp Image 2026-01-22 at 3.51.24 PM.jpeg,2026-01-22,0000000266,BODEGON EL IMPERIO CA,0.0,117.86,0.0,117.86,SOLO_TOTAL,C:\Users\Marcos\Mi unidad\FYS\Pagos_procesados\2026-01\WhatsApp Image 2026-01-22 at 3.51.24 PM.jpeg
2026-01,WhatsApp Image 2026-01-22 at 3.51.24 PM.jpeg,2026-01-22,0000000269,"DEPOSITADORA GIGANTE, C.A.",0.0,45.18,0.0,45.18,SOLO_TOTAL,C:\Users\Marcos\Mi unidad\FYS\Pagos_procesados\2026-01\WhatsApp Image 2026-01-22 at 3.51.24 PM.jpeg
2026-01,WhatsApp Image 2026-01-22 at 3.51.24 PM.jpeg,2026-01-22,0000000312,"MINI SUPER 2017,C.A.",0.0,2304.82,0.0,2304.82,SOLO_TOTAL,C:\Users\Marcos\Mi unidad\FYS\Pagos_procesados\2026-01\WhatsApp Image 2026-01-22 at 3.51.24 PM.jpeg
2026-01,WhatsApp Image 2026-01-22 at 3.51.24 PM.jpeg,2026-01-22,0000000313,"MINI SUPER 2017,C.A.",0.0,297.42,0.0,297.42,SOLO_TOTAL,C:\Users\Marcos\Mi unidad\FYS\Pagos_procesados\2026-01\WhatsApp Image 2026-01-22 at 3.51.24 PM.jpeg
2026-01,WhatsApp Image 2026-01-23 at 8.29.41 AM.jpeg,2026-01-23,0000000326,FRESH MARKET C.A.,0.0,341.94,0.0,341.94,VERIFICADO,C:\Users\Marcos\Mi unidad\FYS\Pagos_procesados\2026-01\WhatsApp Image 2026-01-23 at 8.29.41 AM.jpeg
2026-01,WhatsApp Image 2026-01-23 at 8.29.41 AM.jpeg,2026-01-23,0000000327,SUPERMERCADO EL VINEDO CA,0.0,371.78,0.0,371.78,VERIFICADO,C:\Users\Marcos\Mi unidad\FYS\Pagos_procesados\2026-01\WhatsApp Image 2026-01-23 at 8.29.41 AM.jpeg
2026-01,WhatsApp Image 2026-01-23 at 8.29.41 AM.jpeg,2026-01-23,0000000351,DISTRIBUIDORA MEGAMAXI C.A,0.0,57.8,0.0,57.8,VERIFICADO,C:\Users\Marcos\Mi unidad\FYS\Pagos_procesados\2026-01\WhatsApp Image 2026-01-23 at 8.29.41 AM.jpeg
2026-01,WhatsApp Image 2026-01-24 at 10.18.08 AM.jpeg,2026-01-24,0000000378,WU ZEYUAN UNIMERCADO FAVORITO FP,0.0,61.54,0.0,61.54,VERIFICADO,C:\Users\Marcos\Mi unidad\FYS\Pagos_procesados\2026-01\WhatsApp Image 2026-01-24 at 10.18.08 AM.jpeg
2026-01,WhatsApp Image 2026-01-24 at 10.18.08 AM.jpeg,2026-01-24,0000000379,"BODEMARKET,C.A",0.0,324.37,0.0,324.37,VERIFICADO,C:\Users\Marcos\Mi unidad\FYS\Pagos_procesados\2026-01\WhatsApp Image 2026-01-24 at 10.18.08 AM.jpeg
2026-01,WhatsApp Image 2026-01-24 at 10.18.08 AM.jpeg,2026-01-24,0000000400,SUPERMERCADO BARRIO SUCRE 88 F.P,0.0,39.78,0.0,39.78,VERIFICADO,C:\Users\Marcos\Mi unidad\FYS\Pagos_procesados\2026-01\WhatsApp Image 2026-01-24 at 10.18.08 AM.jpeg
2026-01,WhatsApp Image 2026-01-24 at 12.02.00 PM.jpeg,2026-01-24,0000032778,HOT DOGS LA PRINCIPAL CA,0.0,59.09,0.0,59.09,VERIFICADO,C:\Users\Marcos\Mi unidad\FYS\Pagos_procesados\2026-01\WhatsApp Image 2026-01-24 at 12.02.00 PM.jpeg
2026-01,WhatsApp Image 2026-01-24 at 12.02.00 PM.jpeg,2026-01-24,0000032751,LA REINA DEL FARO 2023 C.A,0.0,319.3,0.0,319.3,VERIFICADO,C:\Users\Marcos\Mi unidad\FYS\Pagos_procesados\2026-01\WhatsApp Image 2026-01-24 at 12.02.00 PM.jpeg
2026-01,WhatsApp Image 2026-01-24 at 12.02.00 PM.jpeg,2026-01-24,0000032777,SUPERMERCADO Y CONFITERIA DISNEY,0.0,315.34,0.0,315.34,VERIFICADO,C:\Users\Marcos\Mi unidad\FYS\Pagos_procesados\2026-01\WhatsApp Image 2026-01-24 at 12.02.00 PM.jpeg
2026-01,WhatsApp Image 2026-01-24 at 12.02.00 PM.jpeg,2026-01-24,0000032782,"AUTOMERCADO Y PANADERIA LA NARANJA, C. A.",0.0,57.59,0.0,57.59,VERIFICADO,C:\Users\Marcos\Mi unidad\FYS\Pagos_procesados\2026-01\WhatsApp Image 2026-01-24 at 12.02.00 PM.jpeg
2026-01,WhatsApp Image 2026-01-24 at 12.02.00 PM.jpeg,2026-01-24,0000032783,"AUTOMERCADO Y PANADERIA LA NARANJA, C. A.",0.0,22.41,0.0,22.41,VERIFICADO,C:\Users\Marcos\Mi unidad\FYS\Pagos_procesados\2026-01\WhatsApp Image 2026-01-24 at 12.02.00 PM.jpeg
2026-01,WhatsApp Image 2026-01-24 at 12.02.00 PM.jpeg,2026-01-24,0000032781,HIPERMERCADO FAMOSO CA,0.0,189.82,0.0,189.82,VERIFICADO,C:\Users\Marcos\Mi unidad\FYS\Pagos_procesados\2026-01\WhatsApp Image 2026-01-24 at 12.02.00 PM.jpeg
2026-01,WhatsApp Image 2026-01-24 at 12.02.00 PM.jpeg,2026-01-24,0000032790,"INVERSIONES JR EL GORDO, C.A",0.0,207.8,0.0,207.8,VERIFICADO,C:\Users\Marcos\Mi unidad\FYS\Pagos_procesados\2026-01\WhatsApp Image 2026-01-24 at 12.02.00 PM.jpeg
2026-01,WhatsApp Image 2026-01-24 at 12.02.00 PM.jpeg,2026-01-24,0000032825,COMERCIALIZADORA PEREDA,0.0,50.0,0.0,50.0,VERIFICADO,C:\Users\Marcos\Mi unidad\FYS\Pagos_procesados\2026-01\WhatsApp Image 2026-01-24 at 12.02.00 PM.jpeg
2026-01,WhatsApp Image 2026-01-24 at 12.02.00 PM.jpeg,2026-01-24,0000032802,LA WAWA CA,0.0,379.7,0.0,379.7,VERIFICADO,C:\Users\Marcos\Mi unidad\FYS\Pagos_procesados\2026-01\WhatsApp Image 2026-01-24 at 12.02.00 PM.jpeg
2026-01,WhatsApp Image 2026-01-24 at 12.02.00 PM.jpeg,2026-01-24,0000032803,SUPERMERCADO Y CONFITERIA DISNEY,0.0,200.0,0.0,200.0,VERIFICADO,C:\Users\Marcos\Mi unidad\FYS\Pagos_procesados\2026-01\WhatsApp Image 2026-01-24 at 12.02.00 PM.jpeg
2026-01,WhatsApp Image 2026-01-26 at 8.55.31 AM.jpeg,2026-01-26,0000000420,FENG COMERCIAL CHAFERDI 2023 FP,0.0,0.0,0.0,0.0,VERIFICADO,C:\Users\Marcos\Mi unidad\FYS\Pagos_procesados\2026-01\WhatsApp Image 2026-01-26 at 8.55.31 AM.jpeg
2026-01,WhatsApp Image 2026-01-26 at 8.55.31 AM.jpeg,2026-01-26,0000000425,EL CONDIMENTAZO DEL BOULEVARD CA,0.0,773.43,0.0,773.43,VERIFICADO,C:\Users\Marcos\Mi unidad\FYS\Pagos_procesados\2026-01\WhatsApp Image 2026-01-26 at 8.55.31 AM.jpeg
2026-01,WhatsApp Image 2026-01-26 at 8.55.31 AM.jpeg,2026-01-26,0000000426,ZHENG INVERSIONES SUPERIOR FP,0.0,79.09,0.0,79.09,VERIFICADO,C:\Users\Marcos\Mi unidad\FYS\Pagos_procesados\2026-01\WhatsApp Image 2026-01-26 at 8.55.31 AM.jpeg
2026-01,WhatsApp Image 2026-01-26 at 8.55.31 AM.jpeg,2026-01-26,0000000427,FENG COMERCIAL CHAFERDI 2023 FP,0.0,335.81,0.0,335.81,VERIFICADO,C:\Users\Marcos\Mi unidad\FYS\Pagos_procesados\2026-01\WhatsApp Image 2026-01-26 at 8.55.31 AM.jpeg
2026-01,WhatsApp Image 2026-01-26 at 8.55.31 AM.jpeg,2026-01-26,0000000455,SUPERMERCADO BARRIO SUCRE 88 F.P,48.97,0.0,0.0,48.97,VERIFICADO,C:\Users\Marcos\Mi unidad\FYS\Pagos_procesados\2026-01\WhatsApp Image 2026-01-26 at 8.55.31 AM.jpeg
2026-01,WhatsApp Image 2026-01-28 at 8.22.21 AM.jpeg,2026-01-28,0000000464,COSMETICOS POR TODO ZHEN FP,0.0,183.15,0.0,183.15,VERIFICADO,C:\Users\Marcos\Mi unidad\FYS\Pagos_procesados\2026-01\WhatsApp Image 2026-01-28 at 8.22.21 AM.jpeg
2026-01,WhatsApp Image 2026-01-28 at 8.22.21 AM.jpeg,2026-01-28,0000000465,SUPERMERCADO EL ORIENTE DORADO CA,0.0,501.06,0.0,501.06,VERIFICADO,C:\Users\Marcos\Mi unidad\FYS\Pagos_procesados\2026-01\WhatsApp Image 2026-01-28 at 8.22.21 AM.jpeg
2026-01,WhatsApp Image 2026-01-28 at 8.22.21 AM.jpeg,2026-01-28,0000000466,BOLIVAR INVERSIONES CHADAI FP,0.0,125.6,0.0,125.6,VERIFICADO,C:\Users\Marcos\Mi unidad\FYS\Pagos_procesados\2026-01\WhatsApp Image 2026-01-28 at 8.22.21 AM.jpeg
2026-01,WhatsApp Image 2026-01-28 at 8.22.21 AM.jpeg,2026-01-28,0000000467,PANAD. PAST. CHARCUT. Y BODEGON CITY MANZION 95 CA,0.0,434.92,0.0,434.92,VERIFICADO,C:\Users\Marcos\Mi unidad\FYS\Pagos_procesados\2026-01\WhatsApp Image 2026-01-28 at 8.22.21 AM.jpeg
2026-01,WhatsApp Image 2026-01-28 at 8.22.21 AM.jpeg,2026-01-28,0000000468,"MINI SUPER 2017,C.A.",0.0,170.38,0.0,170.38,VERIFICADO,C:\Users\Marcos\Mi unidad\FYS\Pagos_procesados\2026-01\WhatsApp Image 2026-01-28 at 8.22.21 AM.jpeg
2026-01,WhatsApp Image 2026-01-28 at 8.22.21 AM.jpeg,2026-01-28,0000000469,INVERSIONES Y DISTRIBUCION RJ,0.0,129.01,0.0,129.01,VERIFICADO,C:\Users\Marcos\Mi unidad\FYS\Pagos_procesados\2026-01\WhatsApp Image 2026-01-28 at 8.22.21 AM.jpeg
2026-01,WhatsApp Image 2026-01-28 at 8.22.21 AM.jpeg,2026-01-28,0000000470,HE AUTOMERCADO YIFAN FP,0.0,147.05,0.0,147.05,VERIFICADO,C:\Users\Marcos\Mi unidad\FYS\Pagos_procesados\2026-01\WhatsApp Image 2026-01-28 at 8.22.21 AM.jpeg
2026-01,WhatsApp Image 2026-01-28 at 8.22.21 AM.jpeg,2026-01-28,0000000471,"INVERSIONES GRAN ORIENTE, C.A.",0.0,331.96,0.0,331.96,VERIFICADO,C:\Users\Marcos\Mi unidad\FYS\Pagos_procesados\2026-01\WhatsApp Image 2026-01-28 at 8.22.21 AM.jpeg
2026-01,WhatsApp Image 2026-01-28 at 8.22.21 AM.jpeg,2026-01-28,0000000472,LIANG SUPERMERCADO CHAO 88 FP,0.0,77.01,0.0,77.01,VERIFICADO,C:\Users\Marcos\Mi unidad\FYS\Pagos_procesados\2026-01\WhatsApp Image 2026-01-28 at 8.22.21 AM.jpeg
2026-01,WhatsApp Image 2026-01-30 at 2.55.17 PM.jpeg,2026-01-30,0000000564,MERCADO LA FINCA CA,0.0,80.0,0.0,80.0,VERIFICADO,C:\Users\Marcos\Mi unidad\FYS\Pagos_procesados\2026-01\WhatsApp Image 2026-01-30 at 2.55.17 PM.jpeg
2026-01,WhatsApp Image 2026-01-30 at 2.55.17 PM.jpeg,2026-01-30,0000000565,MULTITIENDA BARCELONA CA,0.0,103.09,0.0,103.09,VERIFICADO,C:\Users\Marcos\Mi unidad\FYS\Pagos_procesados\2026-01\WhatsApp Image 2026-01-30 at 2.55.17 PM.jpeg
2026-01,WhatsApp Image 2026-01-30 at 2.55.17 PM.jpeg,2026-01-30,0000000566,"INVERSIONES NUEVA MIRANDA 88, C. A.",0.0,91.09,0.0,91.09,VERIFICADO,C:\Users\Marcos\Mi unidad\FYS\Pagos_procesados\2026-01\WhatsApp Image 2026-01-30 at 2.55.17 PM.jpeg
2026-01,WhatsApp Image 2026-01-30 at 2.55.17 PM.jpeg,2026-01-30,0000000567,"MINIMARKET SUPERGANGA, C.A",0.0,138.34,0.0,138.34,VERIFICADO,C:\Users\Marcos\Mi unidad\FYS\Pagos_procesados\2026-01\WhatsApp Image 2026-01-30 at 2.55.17 PM.jpeg
2026-01,WhatsApp Image 2026-01-30 at 2.55.17 PM.jpeg,2026-01-30,0000000604,SUPERMERCADO BARRIO SUCRE 88 F.P,0.0,59.43,0.0,59.43,VERIFICADO,C:\Users\Marcos\Mi unidad\FYS\Pagos_procesados\2026-01\WhatsApp Image 2026-01-30 at 2.55.17 PM.jpeg
2026-01,WhatsApp Image 2026-01-30 at 2.55.17 PM.jpeg,2026-01-30,0000000642,ARIANNE SOFIA MORALES HERRERA,0.0,363.87,0.0,363.87,VERIFICADO,C:\Users\Marcos\Mi unidad\FYS\Pagos_procesados\2026-01\WhatsApp Image 2026-01-30 at 2.55.17 PM.jpeg
2026-01,WhatsApp Image 2026-01-30 at 2.55.17 PM.jpeg,2026-01-30,0000000643,BAKERY BAO BAO C.A,0.0,65.07,0.0,65.07,VERIFICADO,C:\Users\Marcos\Mi unidad\FYS\Pagos_procesados\2026-01\WhatsApp Image 2026-01-30 at 2.55.17 PM.jpeg
2026-01,WhatsApp Image 2026-01-30 at 2.55.17 PM.jpeg,2026-01-30,0000000644,LEYUMIR ELENA HENRIQUEZ LAYA,0.0,13.43,0.0,13.43,VERIFICADO,C:\Users\Marcos\Mi unidad\FYS\Pagos_procesados\2026-01\WhatsApp Image 2026-01-30 at 2.55.17 PM.jpeg
2026-01,WhatsApp Image 2026-01-30 at 2.55.17 PM.jpeg,2026-01-30,0000000645,EL MERCADITO DE LAS FRUTAS CA,0.0,77.13,0.0,77.13,VERIFICADO,C:\Users\Marcos\Mi unidad\FYS\Pagos_procesados\2026-01\WhatsApp Image 2026-01-30 at 2.55.17 PM.jpeg
2026-01,WhatsApp Image 2026-01-30 at 2.55.17 PM.jpeg,2026-01-30,0000000646,"PANADERIA Y EXQUISITECES MISS ORIENTAL, C.A",0.0,615.4,0.0,615.4,VERIFICADO,C:\Users\Marcos\Mi unidad\FYS\Pagos_procesados\2026-01\WhatsApp Image 2026-01-30 at 2.55.17 PM.jpeg
2026-01,WhatsApp Image 2026-01-30 at 2.55.17 PM.jpeg,2026-01-30,0000000647,"THE HAO SUPERMARKET, C.A",0.0,674.73,0.0,674.73,VERIFICADO,C:\Users\Marcos\Mi unidad\FYS\Pagos_procesados\2026-01\WhatsApp Image 2026-01-30 at 2.55.17 PM.jpeg
2026-01,WhatsApp Image 2026-01-31 at 10.04.48 AM.jpeg,2026-01-31,0000032849,EMPRENDIMIENTO BRICEIDA CERMEÑO,0.0,20.0,0.0,20.0,VERIFICADO,C:\Users\Marcos\Mi unidad\FYS\Pagos_procesados\2026-01\WhatsApp Image 2026-01-31 at 10.04.48 AM.jpeg
2026-01,WhatsApp Image 2026-01-31 at 10.04.48 AM.jpeg,2026-01-31,0000032867,"AUTOMERCADO Y PANADERIA LA NARANJA, C. A.",0.0,60.0,0.0,60.0,VERIFICADO,C:\Users\Marcos\Mi unidad\FYS\Pagos_procesados\2026-01\WhatsApp Image 2026-01-31 at 10.04.48 AM.jpeg
2026-01,WhatsApp Image 2026-01-31 at 10.04.48 AM.jpeg,2026-01-31,0000032868,EMPRENDIMIENTO BRICEIDA CERMEÑO,0.0,20.0,0.0,20.0,VERIFICADO,C:\Users\Marcos\Mi unidad\FYS\Pagos_procesados\2026-01\WhatsApp Image 2026-01-31 at 10.04.48 AM.jpeg
2026-01,WhatsApp Image 2026-01-31 at 10.04.48 AM.jpeg,2026-01-31,0000032931,AUTOMERCADO DAVID FP,0.0,8.92,0.0,8.92,VERIFICADO,C:\Users\Marcos\Mi unidad\FYS\Pagos_procesados\2026-01\WhatsApp Image 2026-01-31 at 10.04.48 AM.jpeg
2026-01,WhatsApp Image 2026-01-31 at 10.04.48 AM.jpeg,2026-01-31,0000032932,CEN SUPER MARKET,0.0,76.28,0.0,76.28,VERIFICADO,C:\Users\Marcos\Mi unidad\FYS\Pagos_procesados\2026-01\WhatsApp Image 2026-01-31 at 10.04.48 AM.jpeg
2026-01,WhatsApp Image 2026-01-31 at 10.04.48 AM.jpeg,2026-01-31,0000032898,COMERCIALIZADORA PEREDA,0.0,100.0,0.0,100.0,VERIFICADO,C:\Users\Marcos\Mi unidad\FYS\Pagos_procesados\2026-01\WhatsApp Image 2026-01-31 at 10.04.48 AM.jpeg
2026-01,WhatsApp Image 2026-01-31 at 10.04.48 AM.jpeg,2026-01-31,0000032899,"INVERSIONES TIBACUY SINAI F,P",0.0,170.11,0.0,170.11,VERIFICADO,C:\Users\Marcos\Mi unidad\FYS\Pagos_procesados\2026-01\WhatsApp Image 2026-01-31 at 10.04.48 AM.jpeg
2026-01,WhatsApp Image 2026-01-31 at 10.04.48 AM.jpeg,2026-01-31,0000032933,LI SUPER MARKET FP,0.0,249.84,0.0,249.84,VERIFICADO,C:\Users\Marcos\Mi unidad\FYS\Pagos_procesados\2026-01\WhatsApp Image 2026-01-31 at 10.04.48 AM.jpeg
2026-01,WhatsApp Image 2026-01-31 at 10.04.48 AM.jpeg,2026-01-31,0000032945,CEN SUPER MARKET,0.0,259.77,0.0,259.77,VERIFICADO,C:\Users\Marcos\Mi unidad\FYS\Pagos_procesados\2026-01\WhatsApp Image 2026-01-31 at 10.04.48 AM.jpeg
2026-02,WhatsApp Image 2026-02-02 at 5.15.03 PM.jpeg,2026-02-02,0000000723,"MINI MARKET SUPERGANGA, C.A",0.0,89.34,0.0,89.34,SOLO_TOTAL,C:\Users\Marcos\Mi unidad\FYS\Pagos_procesados\2026-02\WhatsApp Image 2026-02-02 at 5.15.03 PM.jpeg
2026-02,WhatsApp Image 2026-02-02 at 5.15.03 PM.jpeg,2026-02-02,0000000724,CEN BOLIVAR,0.0,219.73,0.0,219.73,SOLO_TOTAL,C:\Users\Marcos\Mi unidad\FYS\Pagos_procesados\2026-02\WhatsApp Image 2026-02-02 at 5.15.03 PM.jpeg
2026-02,WhatsApp Image 2026-02-02 at 5.15.03 PM.jpeg,2026-02-02,0000000725,"DEPOSITADORA GIGANTE, C.A.",0.0,124.04,0.0,124.04,SOLO_TOTAL,C:\Users\Marcos\Mi unidad\FYS\Pagos_procesados\2026-02\WhatsApp Image 2026-02-02 at 5.15.03 PM.jpeg
2026-02,WhatsApp Image 2026-02-02 at 5.15.03 PM.jpeg,2026-02-02,0000000726,"URANGA INVERSIONES, F.P",0.0,681.63,0.0,681.63,SOLO_TOTAL,C:\Users\Marcos\Mi unidad\FYS\Pagos_procesados\2026-02\WhatsApp Image 2026-02-02 at 5.15.03 PM.jpeg
2026-02,WhatsApp Image 2026-02-02 at 5.15.03 PM.jpeg,2026-02-02,0000000728,SUPERMERCADO BARRIO SUCRE 88 F.P,0.0,49.51,0.0,49.51,SOLO_TOTAL,C:\Users\Marcos\Mi unidad\FYS\Pagos_procesados\2026-02\WhatsApp Image 2026-02-02 at 5.15.03 PM.jpeg
2026-02,WhatsApp Image 2026-02-02 at 5.15.03 PM.jpeg,2026-02-02,0000000729,"INVERSIONES TIBACUY SINAI F,P",0.0,100.0,0.0,100.0,SOLO_TOTAL,C:\Users\Marcos\Mi unidad\FYS\Pagos_procesados\2026-02\WhatsApp Image 2026-02-02 at 5.15.03 PM.jpeg
2026-02,WhatsApp Image 2026-02-02 at 5.15.03 PM.jpeg,2026-02-02,0000000730,MARKET LUISAR CA,0.0,41.66,0.0,41.66,SOLO_TOTAL,C:\Users\Marcos\Mi unidad\FYS\Pagos_procesados\2026-02\WhatsApp Image 2026-02-02 at 5.15.03 PM.jpeg
2026-02,WhatsApp Image 2026-02-02 at 5.15.03 PM.jpeg,2026-02-02,0000000731,AUTOMERCADO TANG 688 F.P,0.0,193.16,0.0,193.16,SOLO_TOTAL,C:\Users\Marcos\Mi unidad\FYS\Pagos_procesados\2026-02\WhatsApp Image 2026-02-02 at 5.15.03 PM.jpeg
2026-02,WhatsApp Image 2026-02-02 at 5.15.03 PM.jpeg,2026-02-02,0000000768,SUPERMERCADO BARRIO SUCRE 88 F.P,66.4,0.0,0.0,66.4,SOLO_TOTAL,C:\Users\Marcos\Mi unidad\FYS\Pagos_procesados\2026-02\WhatsApp Image 2026-02-02 at 5.15.03 PM.jpeg
2026-02,WhatsApp Image 2026-02-02 at 5.26.45 PM.jpeg,2026-02-02,0000000797,EDWAR RAFAEL GONZALEZ RODRIGUEZ,0.0,97.28,0.0,97.28,VERIFICADO,C:\Users\Marcos\Mi unidad\FYS\Pagos_procesados\2026-02\WhatsApp Image 2026-02-02 at 5.26.45 PM.jpeg
2026-02,WhatsApp Image 2026-02-02 at 5.26.45 PM.jpeg,2026-02-02,0000000828,"TODO MARKET, C.A.",0.0,617.93,0.0,617.93,VERIFICADO,C:\Users\Marcos\Mi unidad\FYS\Pagos_procesados\2026-02\WhatsApp Image 2026-02-02 at 5.26.45 PM.jpeg
2026-02,WhatsApp Image 2026-02-02 at 5.26.45 PM.jpeg,2026-02-02,0000000829,"ALIMERKA, C.A.",0.0,235.18,0.0,235.18,VERIFICADO,C:\Users\Marcos\Mi unidad\FYS\Pagos_procesados\2026-02\WhatsApp Image 2026-02-02 at 5.26.45 PM.jpeg
2026-02,WhatsApp Image 2026-02-02 at 5.26.45 PM.jpeg,2026-02-02,0000000830,PIÑATERIA MCQUEEN 2010 CA,0.0,142.07,0.0,142.07,VERIFICADO,C:\Users\Marcos\Mi unidad\FYS\Pagos_procesados\2026-02\WhatsApp Image 2026-02-02 at 5.26.45 PM.jpeg
2026-02,WhatsApp Image 2026-02-02 at 5.26.45 PM.jpeg,2026-02-02,0000000831,"INVERSIONES NUEVA MIRANDA 88, C. A.",0.0,118.93,0.0,118.93,VERIFICADO,C:\Users\Marcos\Mi unidad\FYS\Pagos_procesados\2026-02\WhatsApp Image 2026-02-02 at 5.26.45 PM.jpeg
2026-02,WhatsApp Image 2026-02-02 at 5.26.45 PM.jpeg,2026-02-02,0000000832,FARMACIAS SUPER FARMA CA,0.0,167.65,0.0,167.65,VERIFICADO,C:\Users\Marcos\Mi unidad\FYS\Pagos_procesados\2026-02\WhatsApp Image 2026-02-02 at 5.26.45 PM.jpeg
2026-02,WhatsApp Image 2026-02-04 at 11.11.33 AM.jpeg,2026-02-04,0000000874,CARNICERIA LAS PALMERAS DK2021 FP,0.0,52.94,0.0,52.94,VERIFICADO,C:\Users\Marcos\Mi unidad\FYS\Pagos_procesados\2026-02\WhatsApp Image 2026-02-04 at 11.11.33 AM.jpeg
2026-02,WhatsApp Image 2026-02-04 at 11.11.33 AM.jpeg,2026-02-04,0000000875,LA REINA DEL FARO 2023 C.A,0.0,303.41,0.0,303.41,VERIFICADO,C:\Users\Marcos\Mi unidad\FYS\Pagos_procesados\2026-02\WhatsApp Image 2026-02-04 at 11.11.33 AM.jpeg
2026-02,WhatsApp Image 2026-02-04 at 11.11.33 AM.jpeg,2026-02-04,0000000876,FRIGORIFICOS BRAVOS DELI CA,0.0,85.15,0.0,85.15,VERIFICADO,C:\Users\Marcos\Mi unidad\FYS\Pagos_procesados\2026-02\WhatsApp Image 2026-02-04 at 11.11.33 AM.jpeg
2026-02,WhatsApp Image 2026-02-04 at 11.11.33 AM.jpeg,2026-02-04,0000000877,MERCADO LA FINCA CA,0.0,101.06,0.0,101.06,VERIFICADO,C:\Users\Marcos\Mi unidad\FYS\Pagos_procesados\2026-02\WhatsApp Image 2026-02-04 at 11.11.33 AM.jpeg
2026-02,WhatsApp Image 2026-02-04 at 11.11.33 AM.jpeg,2026-02-04,0000000878,LIELISBETH GABRIELA CORDERO ( CORDERO ALEIRBAG SHOP FP),0.0,57.45,0.0,57.45,VERIFICADO,C:\Users\Marcos\Mi unidad\FYS\Pagos_procesados\2026-02\WhatsApp Image 2026-02-04 at 11.11.33 AM.jpeg
2026-02,WhatsApp Image 2026-02-04 at 11.11.33 AM.jpeg,2026-02-04,0000000879,"DEPOSITADORA GIGANTE, C.A.",0.0,205.71,0.0,205.71,VERIFICADO,C:\Users\Marcos\Mi unidad\FYS\Pagos_procesados\2026-02\WhatsApp Image 2026-02-04 at 11.11.33 AM.jpeg
2026-02,WhatsApp Image 2026-02-04 at 11.11.33 AM.jpeg,2026-02-04,0000000880,"INSIEME, S.A.",0.0,1891.74,0.0,1891.74,VERIFICADO,C:\Users\Marcos\Mi unidad\FYS\Pagos_procesados\2026-02\WhatsApp Image 2026-02-04 at 11.11.33 AM.jpeg
2026-02,WhatsApp Image 2026-02-04 at 11.11.33 AM.jpeg,2026-02-04,0000000881,"ALIMERKA, C.A.",0.0,145.45,0.0,145.45,VERIFICADO,C:\Users\Marcos\Mi unidad\FYS\Pagos_procesados\2026-02\WhatsApp Image 2026-02-04 at 11.11.33 AM.jpeg
2026-02,WhatsApp Image 2026-02-04 at 11.11.33 AM.jpeg,2026-02-04,0000000882,COMERCIALIZADORA PEREDA,0.0,50.0,0.0,50.0,VERIFICADO,C:\Users\Marcos\Mi unidad\FYS\Pagos_procesados\2026-02\WhatsApp Image 2026-02-04 at 11.11.33 AM.jpeg
2026-02,WhatsApp Image 2026-02-05 at 9.14.02 AM.jpeg,2026-02-05,0000001096,SUPERMERCADO DIECIOCHO,0.0,50.0,0.0,50.0,VERIFICADO,C:\Users\Marcos\Mi unidad\FYS\Pagos_procesados\2026-02\WhatsApp Image 2026-02-05 at 9.14.02 AM.jpeg
2026-02,WhatsApp Image 2026-02-05 at 9.14.02 AM.jpeg,2026-02-05,0000001097,ZHANG ABASTO LA GRAN OFERTA,0.0,150.93,0.0,150.93,VERIFICADO,C:\Users\Marcos\Mi unidad\FYS\Pagos_procesados\2026-02\WhatsApp Image 2026-02-05 at 9.14.02 AM.jpeg
2026-02,WhatsApp Image 2026-02-05 at 9.14.02 AM.jpeg,2026-02-05,0000001098,ZHANG ABASTO LA GRAN OFERTA,0.0,105.86,0.0,105.86,VERIFICADO,C:\Users\Marcos\Mi unidad\FYS\Pagos_procesados\2026-02\WhatsApp Image 2026-02-05 at 9.14.02 AM.jpeg
2026-02,WhatsApp Image 2026-02-05 at 9.14.02 AM.jpeg,2026-02-05,0000001099,"THE HAO SUPERMARKET, C.A",0.0,121.57,0.0,121.57,VERIFICADO,C:\Users\Marcos\Mi unidad\FYS\Pagos_procesados\2026-02\WhatsApp Image 2026-02-05 at 9.14.02 AM.jpeg
2026-02,WhatsApp Image 2026-02-05 at 9.14.02 AM.jpeg,2026-02-05,0000001100,LEYUMIR ELENA HENRIQUEZ LAYA,0.0,67.47,0.0,67.47,VERIFICADO,C:\Users\Marcos\Mi unidad\FYS\Pagos_procesados\2026-02\WhatsApp Image 2026-02-05 at 9.14.02 AM.jpeg
2026-02,WhatsApp Image 2026-02-05 at 9.14.02 AM.jpeg,2026-02-05,0000001101,"MERCATODOS ANZOATEGUI, C.A",0.0,888.56,0.0,888.56,VERIFICADO,C:\Users\Marcos\Mi unidad\FYS\Pagos_procesados\2026-02\WhatsApp Image 2026-02-05 at 9.14.02 AM.jpeg
2026-02,WhatsApp Image 2026-02-05 at 9.14.02 AM.jpeg,2026-02-05,0000001102,LA WAWA CA,0.0,379.74,0.0,379.74,VERIFICADO,C:\Users\Marcos\Mi unidad\FYS\Pagos_procesados\2026-02\WhatsApp Image 2026-02-05 at 9.14.02 AM.jpeg
2026-02,WhatsApp Image 2026-02-05 at 9.14.02 AM.jpeg,2026-02-05,0000001103,EMPRENDIMIENTO BRICEIDA CERMENO,0.0,20.0,0.0,20.0,VERIFICADO,C:\Users\Marcos\Mi unidad\FYS\Pagos_procesados\2026-02\WhatsApp Image 2026-02-05 at 9.14.02 AM.jpeg
2026-02,WhatsApp Image 2026-02-05 at 9.14.02 AM.jpeg,2026-02-05,0000001104,REAL Y MEDIO SUPERMERCADO CA,0.0,1047.02,0.0,1047.02,VERIFICADO,C:\Users\Marcos\Mi unidad\FYS\Pagos_procesados\2026-02\WhatsApp Image 2026-02-05 at 9.14.02 AM.jpeg
2026-02,WhatsApp Image 2026-02-07 at 8.54.44 AM.jpeg,2026-02-07,0000001161,EMPRENDIMIENTO BRICEIDA CERMEÑO,0.0,29.07,0.0,29.07,SOLO_TOTAL,C:\Users\Marcos\Mi unidad\FYS\Pagos_procesados\2026-02\WhatsApp Image 2026-02-07 at 8.54.44 AM.jpeg
2026-02,WhatsApp Image 2026-02-07 at 8.54.44 AM.jpeg,2026-02-07,0000001162,BODEGON EL IMPERIO CA,0.0,106.91,0.0,106.91,SOLO_TOTAL,C:\Users\Marcos\Mi unidad\FYS\Pagos_procesados\2026-02\WhatsApp Image 2026-02-07 at 8.54.44 AM.jpeg
2026-02,WhatsApp Image 2026-02-07 at 8.54.44 AM.jpeg,2026-02-07,0000001163,"INVERSIONES TIBACUY SINAIF,P",0.0,115.0,0.0,115.0,SOLO_TOTAL,C:\Users\Marcos\Mi unidad\FYS\Pagos_procesados\2026-02\WhatsApp Image 2026-02-07 at 8.54.44 AM.jpeg
2026-02,WhatsApp Image 2026-02-07 at 8.54.44 AM.jpeg,2026-02-07,0000001165,LIELISBETH GABRIELA CORDERO ( CORDERO ALEIRBAG SHOP FP),0.0,50.0,0.0,50.0,SOLO_TOTAL,C:\Users\Marcos\Mi unidad\FYS\Pagos_procesados\2026-02\WhatsApp Image 2026-02-07 at 8.54.44 AM.jpeg
2026-02,WhatsApp Image 2026-02-07 at 8.54.44 AM.jpeg,2026-02-07,0000001166,DISTRIBUIDORA MEGAMAXI C.A,0.0,180.38,0.0,180.38,SOLO_TOTAL,C:\Users\Marcos\Mi unidad\FYS\Pagos_procesados\2026-02\WhatsApp Image 2026-02-07 at 8.54.44 AM.jpeg
2026-02,WhatsApp Image 2026-02-07 at 8.54.44 AM.jpeg,2026-02-07,0000001217,AUTOMERCADO PACIFICO,0.0,207.25,0.0,207.25,SOLO_TOTAL,C:\Users\Marcos\Mi unidad\FYS\Pagos_procesados\2026-02\WhatsApp Image 2026-02-07 at 8.54.44 AM.jpeg
2026-02,WhatsApp Image 2026-02-07 at 8.54.44 AM.jpeg,2026-02-07,0000001218,FRESH MARKET C.A.,0.0,61.63,0.0,61.63,SOLO_TOTAL,C:\Users\Marcos\Mi unidad\FYS\Pagos_procesados\2026-02\WhatsApp Image 2026-02-07 at 8.54.44 AM.jpeg
2026-02,WhatsApp Image 2026-02-07 at 8.54.44 AM.jpeg,2026-02-07,0000001219,WU SUPER TODO FP,0.0,283.82,0.0,283.82,SOLO_TOTAL,C:\Users\Marcos\Mi unidad\FYS\Pagos_procesados\2026-02\WhatsApp Image 2026-02-07 at 8.54.44 AM.jpeg
2026-02,WhatsApp Image 2026-02-07 at 8.54.44 AM.jpeg,2026-02-07,0000001220,"THE HAO SUPERMARKET, C.A",0.0,1360.04,0.0,1360.04,SOLO_TOTAL,C:\Users\Marcos\Mi unidad\FYS\Pagos_procesados\2026-02\WhatsApp Image 2026-02-07 at 8.54.44 AM.jpeg
2026-02,WhatsApp Image 2026-02-09 at 2.32.39 PM.jpeg,2026-02-09,0000001268,AUTOMERCADO PACIFICO,0.0,135.63,0.0,135.63,VERIFICADO,C:\Users\Marcos\Mi unidad\FYS\Pagos_procesados\2026-02\WhatsApp Image 2026-02-09 at 2.32.39 PM.jpeg
2026-02,WhatsApp Image 2026-02-09 at 2.32.39 PM.jpeg,2026-02-09,0000001269,HOT DOGS LA PRINCIPAL CA,0.0,30.89,0.0,30.89,VERIFICADO,C:\Users\Marcos\Mi unidad\FYS\Pagos_procesados\2026-02\WhatsApp Image 2026-02-09 at 2.32.39 PM.jpeg
2026-02,WhatsApp Image 2026-02-09 at 2.32.39 PM.jpeg,2026-02-09,0000001323,1 COMERCIALIZADORA PEREDA,0.0,100.0,0.0,100.0,VERIFICADO,C:\Users\Marcos\Mi unidad\FYS\Pagos_procesados\2026-02\WhatsApp Image 2026-02-09 at 2.32.39 PM.jpeg
2026-02,WhatsApp Image 2026-02-09 at 2.32.39 PM.jpeg,2026-02-09,0000001324,LIELISBETH GABRIELA CORDERO ( CORDERO ALEIRBAG SHOP FP),0.0,50.0,0.0,50.0,VERIFICADO,C:\Users\Marcos\Mi unidad\FYS\Pagos_procesados\2026-02\WhatsApp Image 2026-02-09 at 2.32.39 PM.jpeg
2026-02,WhatsApp Image 2026-02-10 at 8.39.25 AM.jpeg,2026-02-10,0000001341,SUPERMERCADO BARRIO SUCRE 88 F.P,42.18,0.0,0.0,42.18,VERIFICADO,C:\Users\Marcos\Mi unidad\FYS\Pagos_procesados\2026-02\WhatsApp Image 2026-02-10 at 8.39.25 AM.jpeg
2026-02,WhatsApp Image 2026-02-11 at 8.50.56 AM.jpeg,2026-02-11,0000001354,EMPRENDIMIENTO SARA AMER,0.0,200.0,0.0,200.0,VERIFICADO,C:\Users\Marcos\Mi unidad\FYS\Pagos_procesados\2026-02\WhatsApp Image 2026-02-11 at 8.50.56 AM.jpeg
2026-02,WhatsApp Image 2026-02-11 at 8.50.56 AM.jpeg,2026-02-11,0000001355,SUPER CASA WIPI,0.0,238.24,0.0,238.24,VERIFICADO,C:\Users\Marcos\Mi unidad\FYS\Pagos_procesados\2026-02\WhatsApp Image 2026-02-11 at 8.50.56 AM.jpeg
2026-02,WhatsApp Image 2026-02-11 at 8.50.56 AM.jpeg,2026-02-11,0000001356,AUTOMERCADO PACIFICO,0.0,474.43,0.0,474.43,VERIFICADO,C:\Users\Marcos\Mi unidad\FYS\Pagos_procesados\2026-02\WhatsApp Image 2026-02-11 at 8.50.56 AM.jpeg
2026-02,WhatsApp Image 2026-02-11 at 8.50.56 AM.jpeg,2026-02-11,0000001357,EL GRAN CENTURION 2021 CA,0.0,14.97,0.0,14.97,VERIFICADO,C:\Users\Marcos\Mi unidad\FYS\Pagos_procesados\2026-02\WhatsApp Image 2026-02-11 at 8.50.56 AM.jpeg
2026-02,WhatsApp Image 2026-02-11 at 8.50.56 AM.jpeg,2026-02-11,0000001358,HOT DOGS LA PRINCIPAL CA,0.0,52.24,0.0,52.24,VERIFICADO,C:\Users\Marcos\Mi unidad\FYS\Pagos_procesados\2026-02\WhatsApp Image 2026-02-11 at 8.50.56 AM.jpeg
2026-02,WhatsApp Image 2026-02-11 at 8.50.56 AM.jpeg,2026-02-11,0000001359,BOLIVAR INVERSIONES CHADAI FP,0.0,109.94,0.0,109.94,VERIFICADO,C:\Users\Marcos\Mi unidad\FYS\Pagos_procesados\2026-02\WhatsApp Image 2026-02-11 at 8.50.56 AM.jpeg
2026-02,WhatsApp Image 2026-02-11 at 8.50.56 AM.jpeg,2026-02-11,0000001447,CEN BOLIVAR,0.0,245.07,0.0,245.07,VERIFICADO,C:\Users\Marcos\Mi unidad\FYS\Pagos_procesados\2026-02\WhatsApp Image 2026-02-11 at 8.50.56 AM.jpeg
2026-02,WhatsApp Image 2026-02-11 at 8.50.56 AM.jpeg,2026-02-11,0000001448,CHACIN MINI ABASTO FP,0.0,508.15,0.0,508.15,VERIFICADO,C:\Users\Marcos\Mi unidad\FYS\Pagos_procesados\2026-02\WhatsApp Image 2026-02-11 at 8.50.56 AM.jpeg
2026-02,WhatsApp Image 2026-02-11 at 8.50.56 AM.jpeg,2026-02-11,0000001449,GARCIA MINI MARKET CUKYS CAKES FP,0.0,20.16,0.0,20.16,VERIFICADO,C:\Users\Marcos\Mi unidad\FYS\Pagos_procesados\2026-02\WhatsApp Image 2026-02-11 at 8.50.56 AM.jpeg
2026-02,WhatsApp Image 2026-02-11 at 8.50.56 AM.jpeg,2026-02-11,0000001450,GARCIA MINI MARKET CUKYS CAKES FP,0.0,50.2,0.0,50.2,VERIFICADO,C:\Users\Marcos\Mi unidad\FYS\Pagos_procesados\2026-02\WhatsApp Image 2026-02-11 at 8.50.56 AM.jpeg
2026-02,WhatsApp Image 2026-02-11 at 8.50.56 AM.jpeg,2026-02-11,0000001451,"DEPOSITADORA GIGANTE, C.A.",0.0,122.07,0.0,122.07,VERIFICADO,C:\Users\Marcos\Mi unidad\FYS\Pagos_procesados\2026-02\WhatsApp Image 2026-02-11 at 8.50.56 AM.jpeg
2026-02,WhatsApp Image 2026-02-11 at 8.50.56 AM.jpeg,2026-02-11,0000001452,"TODO MARKET, C.A.",0.0,1694.13,0.0,1694.13,VERIFICADO,C:\Users\Marcos\Mi unidad\FYS\Pagos_procesados\2026-02\WhatsApp Image 2026-02-11 at 8.50.56 AM.jpeg
2026-02,WhatsApp Image 2026-02-12 at 9.03.49 AM.jpeg,2026-02-12,0000001536,NG DARLI MUNDO FP,0.0,455.42,0.0,455.42,VERIFICADO,C:\Users\Marcos\Mi unidad\FYS\Pagos_procesados\2026-02\WhatsApp Image 2026-02-12 at 9.03.49 AM.jpeg
2026-02,WhatsApp Image 2026-02-12 at 9.03.49 AM.jpeg,2026-02-12,0000001575,SUPERMERCADO BARRIO SUCRE 88 F.P,0.0,92.63,0.0,92.63,VERIFICADO,C:\Users\Marcos\Mi unidad\FYS\Pagos_procesados\2026-02\WhatsApp Image 2026-02-12 at 9.03.49 AM.jpeg
2026-02,WhatsApp Image 2026-02-12 at 9.03.49 AM.jpeg,2026-02-12,0000001606,MARKET LUISAR CA,0.0,50.0,0.0,50.0,VERIFICADO,C:\Users\Marcos\Mi unidad\FYS\Pagos_procesados\2026-02\WhatsApp Image 2026-02-12 at 9.03.49 AM.jpeg
2026-02,WhatsApp Image 2026-02-13 at 2.06.18 PM.jpeg,2026-02-13,0000001632,"FANG KING MARKET F,P",0.0,187.39,0.0,187.39,VERIFICADO,C:\Users\Marcos\Mi unidad\FYS\Pagos_procesados\2026-02\WhatsApp Image 2026-02-13 at 2.06.18 PM.jpeg
2026-02,WhatsApp Image 2026-02-13 at 2.06.18 PM.jpeg,2026-02-13,0000001631,"INVERSIONES TIBACUY SINAI F,P",0.0,176.7,0.0,176.7,VERIFICADO,C:\Users\Marcos\Mi unidad\FYS\Pagos_procesados\2026-02\WhatsApp Image 2026-02-13 at 2.06.18 PM.jpeg
2026-02,WhatsApp Image 2026-02-13 at 2.06.18 PM.jpeg,2026-02-13,0000001685,PANAD. PAST. CHARCUT. Y BOD. CITY MANZION 95 CA,0.0,194.36,0.0,194.36,VERIFICADO,C:\Users\Marcos\Mi unidad\FYS\Pagos_procesados\2026-02\WhatsApp Image 2026-02-13 at 2.06.18 PM.jpeg
2026-02,WhatsApp Image 2026-02-13 at 2.06.18 PM.jpeg,2026-02-13,0000001686,ROSARIO INVERSIONES EXITO FP,0.0,250.0,0.0,250.0,VERIFICADO,C:\Users\Marcos\Mi unidad\FYS\Pagos_procesados\2026-02\WhatsApp Image 2026-02-13 at 2.06.18 PM.jpeg
2026-02,WhatsApp Image 2026-02-18 at 8.21.30 AM.jpeg,2026-02-18,0000001713,WU COMERCIAL BRISAS DEL MAR M.Y F.P,0.0,996.31,0.0,996.31,VERIFICADO,C:\Users\Marcos\Mi unidad\FYS\Pagos_procesados\2026-02\WhatsApp Image 2026-02-18 at 8.21.30 AM.jpeg
2026-02,WhatsApp Image 2026-02-18 at 8.21.30 AM.jpeg,2026-02-18,0000001714,LA BODEGUILLA DEL TIO,0.0,95.23,0.0,95.23,VERIFICADO,C:\Users\Marcos\Mi unidad\FYS\Pagos_procesados\2026-02\WhatsApp Image 2026-02-18 at 8.21.30 AM.jpeg
2026-02,WhatsApp Image 2026-02-18 at 8.21.30 AM.jpeg,2026-02-18,0000001720,FARMACIAS SUPER FARMA CA,0.0,319.2,0.0,319.2,VERIFICADO,C:\Users\Marcos\Mi unidad\FYS\Pagos_procesados\2026-02\WhatsApp Image 2026-02-18 at 8.21.30 AM.jpeg
2026-02,WhatsApp Image 2026-02-18 at 8.21.30 AM.jpeg,2026-02-18,0000001763,"SUPERTODO BOULEVARD, C.A",0.0,566.68,0.0,566.68,VERIFICADO,C:\Users\Marcos\Mi unidad\FYS\Pagos_procesados\2026-02\WhatsApp Image 2026-02-18 at 8.21.30 AM.jpeg
2026-02,WhatsApp Image 2026-02-18 at 8.21.30 AM.jpeg,2026-02-18,0000001774,SUPERMERCADO BARRIO SUCRE 88 F.P,57.52,0.0,0.0,57.52,VERIFICADO,C:\Users\Marcos\Mi unidad\FYS\Pagos_procesados\2026-02\WhatsApp Image 2026-02-18 at 8.21.30 AM.jpeg
2026-02,WhatsApp Image 2026-02-19 at 9.11.26 AM.jpeg,2026-02-19,0000001849,AUTOMERCADO DAVID FP,0.0,474.66,0.0,474.66,VERIFICADO,C:\Users\Marcos\Mi unidad\FYS\Pagos_procesados\2026-02\WhatsApp Image 2026-02-19 at 9.11.26 AM.jpeg
2026-02,WhatsApp Image 2026-02-19 at 9.11.26 AM.jpeg,2026-02-19,0000001850,COMERCIAL EL GRAN MUNDO 888 CA,0.0,232.49,0.0,232.49,VERIFICADO,C:\Users\Marcos\Mi unidad\FYS\Pagos_procesados\2026-02\WhatsApp Image 2026-02-19 at 9.11.26 AM.jpeg
2026-02,WhatsApp Image 2026-02-19 at 9.11.26 AM.jpeg,2026-02-19,0000001851,SUPERMERCADO EL ORIENTE DORADO CA,0.0,306.8,0.0,306.8,VERIFICADO,C:\Users\Marcos\Mi unidad\FYS\Pagos_procesados\2026-02\WhatsApp Image 2026-02-19 at 9.11.26 AM.jpeg
2026-02,WhatsApp Image 2026-02-19 at 9.11.26 AM.jpeg,2026-02-19,0000001852,SUPERMERCADO EL ORIENTE DORADO CA,0.0,386.81,0.0,386.81,VERIFICADO,C:\Users\Marcos\Mi unidad\FYS\Pagos_procesados\2026-02\WhatsApp Image 2026-02-19 at 9.11.26 AM.jpeg
2026-02,WhatsApp Image 2026-02-19 at 9.11.26 AM.jpeg,2026-02-19,0000001853,ZHENG INVERSIONES SUPERIOR FP,0.0,148.03,0.0,148.03,VERIFICADO,C:\Users\Marcos\Mi unidad\FYS\Pagos_procesados\2026-02\WhatsApp Image 2026-02-19 at 9.11.26 AM.jpeg
2026-02,WhatsApp Image 2026-02-20 at 8.28.04 AM.jpeg,2026-02-20,0000001903,"DISTRIBUIDORA DE ALIMENTOS TROCAG, C.A",0.0,256.18,0.0,256.18,VERIFICADO,C:\Users\Marcos\Mi unidad\FYS\Pagos_procesados\2026-02\WhatsApp Image 2026-02-20 at 8.28.04 AM.jpeg
2026-02,WhatsApp Image 2026-02-20 at 8.28.04 AM.jpeg,2026-02-20,0000001904,"AUTOMERCADO CLASIC URBANEJA, C.A",0.0,500.0,0.0,500.0,VERIFICADO,C:\Users\Marcos\Mi unidad\FYS\Pagos_procesados\2026-02\WhatsApp Image 2026-02-20 at 8.28.04 AM.jpeg
2026-02,WhatsApp Image 2026-02-20 at 8.28.04 AM.jpeg,2026-02-20,0000001905,AUTOMERCADO PACIFICO,0.0,142.7,0.0,142.7,VERIFICADO,C:\Users\Marcos\Mi unidad\FYS\Pagos_procesados\2026-02\WhatsApp Image 2026-02-20 at 8.28.04 AM.jpeg
2026-02,WhatsApp Image 2026-02-20 at 8.28.04 AM.jpeg,2026-02-20,0000001906,BAKERY BAO BAO C.A,0.0,248.35,0.0,248.35,VERIFICADO,C:\Users\Marcos\Mi unidad\FYS\Pagos_procesados\2026-02\WhatsApp Image 2026-02-20 at 8.28.04 AM.jpeg
2026-02,WhatsApp Image 2026-02-20 at 8.28.04 AM.jpeg,2026-02-20,0000001907,EL BODEGON DE MOREIRA CA,0.0,154.51,0.0,154.51,VERIFICADO,C:\Users\Marcos\Mi unidad\FYS\Pagos_procesados\2026-02\WhatsApp Image 2026-02-20 at 8.28.04 AM.jpeg
2026-02,WhatsApp Image 2026-02-20 at 8.28.04 AM.jpeg,2026-02-20,0000001908,"LABODEGUILLA ANDALUZ, C.A",0.0,266.71,0.0,266.71,VERIFICADO,C:\Users\Marcos\Mi unidad\FYS\Pagos_procesados\2026-02\WhatsApp Image 2026-02-20 at 8.28.04 AM.jpeg
2026-02,WhatsApp Image 2026-02-20 at 8.28.04 AM.jpeg,2026-02-20,0000001909,"LABODEGUILLA ANDALUZ, C.A",0.0,316.06,0.0,316.06,VERIFICADO,C:\Users\Marcos\Mi unidad\FYS\Pagos_procesados\2026-02\WhatsApp Image 2026-02-20 at 8.28.04 AM.jpeg
2026-02,WhatsApp Image 2026-02-20 at 8.28.04 AM.jpeg,2026-02-20,0000001910,"PANADERIA Y EXQUISITECES MISS ORIENTAL, C.A",0.0,1041.6,0.0,1041.6,VERIFICADO,C:\Users\Marcos\Mi unidad\FYS\Pagos_procesados\2026-02\WhatsApp Image 2026-02-20 at 8.28.04 AM.jpeg
2026-02,WhatsApp Image 2026-02-20 at 8.28.04 AM.jpeg,2026-02-20,0000001911,FRESH MARKET C.A.,0.0,382.39,0.0,382.39,VERIFICADO,C:\Users\Marcos\Mi unidad\FYS\Pagos_procesados\2026-02\WhatsApp Image 2026-02-20 at 8.28.04 AM.jpeg
2026-02,WhatsApp Image 2026-02-20 at 8.28.04 AM.jpeg,2026-02-20,0000001912,HOT DOGS LA PRINCIPAL CA,0.0,57.88,0.0,57.88,VERIFICADO,C:\Users\Marcos\Mi unidad\FYS\Pagos_procesados\2026-02\WhatsApp Image 2026-02-20 at 8.28.04 AM.jpeg
2026-02,WhatsApp Image 2026-02-20 at 8.28.04 AM.jpeg,2026-02-20,0000001913,LEYUMIR ELENA HENRIQUEZ LAYA,0.0,35.72,0.0,35.72,VERIFICADO,C:\Users\Marcos\Mi unidad\FYS\Pagos_procesados\2026-02\WhatsApp Image 2026-02-20 at 8.28.04 AM.jpeg
2026-02,WhatsApp Image 2026-02-20 at 8.28.04 AM.jpeg,2026-02-20,0000001914,LIMEGA PORTELA F.P,0.0,461.25,0.0,461.25,VERIFICADO,C:\Users\Marcos\Mi unidad\FYS\Pagos_procesados\2026-02\WhatsApp Image 2026-02-20 at 8.28.04 AM.jpeg
2026-02,WhatsApp Image 2026-02-20 at 8.28.04 AM.jpeg,2026-02-20,0000001915,SUPERMERCADO EL VINEDO CA,0.0,393.76,0.0,393.76,VERIFICADO,C:\Users\Marcos\Mi unidad\FYS\Pagos_procesados\2026-02\WhatsApp Image 2026-02-20 at 8.28.04 AM.jpeg
2026-02,WhatsApp Image 2026-02-20 at 8.28.04 AM.jpeg,2026-02-20,0000001916,MINIMARKET SURTIORIENTE CA,0.0,324.61,0.0,324.61,VERIFICADO,C:\Users\Marcos\Mi unidad\FYS\Pagos_procesados\2026-02\WhatsApp Image 2026-02-20 at 8.28.04 AM.jpeg
2026-02,WhatsApp Image 2026-02-20 at 8.28.04 AM.jpeg,2026-02-20,0000001917,"URANGA INVERSIONES, F.P",0.0,408.99,0.0,408.99,VERIFICADO,C:\Users\Marcos\Mi unidad\FYS\Pagos_procesados\2026-02\WhatsApp Image 2026-02-20 at 8.28.04 AM.jpeg
2026-02,WhatsApp Image 2026-02-20 at 8.28.04 AM.jpeg,2026-02-20,0000001918,"URANGA INVERSIONES, F.P",0.0,832.86,0.0,832.86,VERIFICADO,C:\Users\Marcos\Mi unidad\FYS\Pagos_procesados\2026-02\WhatsApp Image 2026-02-20 at 8.28.04 AM.jpeg
2026-02,WhatsApp Image 2026-02-20 at 8.28.04 AM.jpeg,2026-02-20,0000002057,DISTRIBUIDORA MEGAMAXI C.A,0.0,61.81,0.0,61.81,VERIFICADO,C:\Users\Marcos\Mi unidad\FYS\Pagos_procesados\2026-02\WhatsApp Image 2026-02-20 at 8.28.04 AM.jpeg
2026-02,WhatsApp Image 2026-02-20 at 8.28.04 AM.jpeg,2026-02-20,0000002058,"COMERCIALIZADORA Y DISTRIBUIDORA CHACIN Y AURA, C.A.",0.0,115.47,0.0,115.47,VERIFICADO,C:\Users\Marcos\Mi unidad\FYS\Pagos_procesados\2026-02\WhatsApp Image 2026-02-20 at 8.28.04 AM.jpeg
2026-02,WhatsApp Image 2026-02-20 at 8.28.04 AM.jpeg,2026-02-20,0000002059,CHACIN MINI ABASTO FP,0.0,126.27,0.0,126.27,VERIFICADO,C:\Users\Marcos\Mi unidad\FYS\Pagos_procesados\2026-02\WhatsApp Image 2026-02-20 at 8.28.04 AM.jpeg
2026-02,WhatsApp Image 2026-02-20 at 8.28.04 AM.jpeg,2026-02-20,0000002060,"COMERCIAL LA CARIDAD BENDITA, C.A",0.0,77.56,0.0,77.56,VERIFICADO,C:\Users\Marcos\Mi unidad\FYS\Pagos_procesados\2026-02\WhatsApp Image 2026-02-20 at 8.28.04 AM.jpeg
2026-02,WhatsApp Image 2026-02-20 at 8.28.04 AM.jpeg,2026-02-20,0000002061,MARKET LUISAR CA,0.0,50.0,0.0,50.0,VERIFICADO,C:\Users\Marcos\Mi unidad\FYS\Pagos_procesados\2026-02\WhatsApp Image 2026-02-20 at 8.28.04 AM.jpeg
2026-02,WhatsApp Image 2026-02-20 at 8.28.04 AM.jpeg,2026-02-20,0000002062,GARCIA MINI MARKET CUKYS CAKES FP,0.0,30.23,0.0,30.23,VERIFICADO,C:\Users\Marcos\Mi unidad\FYS\Pagos_procesados\2026-02\WhatsApp Image 2026-02-20 at 8.28.04 AM.jpeg
2026-02,WhatsApp Image 2026-02-20 at 8.28.04 AM.jpeg,2026-02-20,0000002063,SUPERMERCADO DIECIOCHO,0.0,201.6,0.0,201.6,VERIFICADO,C:\Users\Marcos\Mi unidad\FYS\Pagos_procesados\2026-02\WhatsApp Image 2026-02-20 at 8.28.04 AM.jpeg
2026-02,WhatsApp Image 2026-02-21 at 8.40.03 AM.jpeg,2026-02-21,0000002137,"INVERSIONES TIBACUY SINAI F,P",0.0,150.0,0.0,150.0,VERIFICADO,C:\Users\Marcos\Mi unidad\FYS\Pagos_procesados\2026-02\WhatsApp Image 2026-02-21 at 8.40.03 AM.jpeg
2026-02,WhatsApp Image 2026-02-21 at 8.40.03 AM.jpeg,2026-02-21,0000002224,"BODEMARKET,C.A",0.0,216.8,0.0,216.8,VERIFICADO,C:\Users\Marcos\Mi unidad\FYS\Pagos_procesados\2026-02\WhatsApp Image 2026-02-21 at 8.40.03 AM.jpeg
2026-02,WhatsApp Image 2026-02-21 at 8.40.03 AM.jpeg,2026-02-21,0000002225,"LABODEGUILLA ANDALUZ, C.A",0.0,266.71,0.0,266.71,VERIFICADO,C:\Users\Marcos\Mi unidad\FYS\Pagos_procesados\2026-02\WhatsApp Image 2026-02-21 at 8.40.03 AM.jpeg
2026-02,WhatsApp Image 2026-02-21 at 8.40.03 AM.jpeg,2026-02-21,0000002226,"LABODEGUILLA ANDALUZ, C.A",0.0,277.65,0.0,277.65,VERIFICADO,C:\Users\Marcos\Mi unidad\FYS\Pagos_procesados\2026-02\WhatsApp Image 2026-02-21 at 8.40.03 AM.jpeg
2026-02,WhatsApp Image 2026-02-21 at 8.40.03 AM.jpeg,2026-02-21,0000002235,"MINI SUPER 2017,C.A.",0.0,221.16,0.0,221.16,VERIFICADO,C:\Users\Marcos\Mi unidad\FYS\Pagos_procesados\2026-02\WhatsApp Image 2026-02-21 at 8.40.03 AM.jpeg
2026-02,WhatsApp Image 2026-02-21 at 8.40.03 AM.jpeg,2026-02-21,0000002236,"MINI SUPER 2017,C.A.",0.0,228.32,0.0,228.32,VERIFICADO,C:\Users\Marcos\Mi unidad\FYS\Pagos_procesados\2026-02\WhatsApp Image 2026-02-21 at 8.40.03 AM.jpeg
2026-02,WhatsApp Image 2026-02-23 at 8.35.46 AM.jpeg,2026-02-23,0000002257,ARIANNE SOFIA MORALES HERRERA,0.0,554.53,0.0,554.53,VERIFICADO,C:\Users\Marcos\Mi unidad\FYS\Pagos_procesados\2026-02\WhatsApp Image 2026-02-23 at 8.35.46 AM.jpeg
2026-02,WhatsApp Image 2026-02-23 at 8.35.46 AM.jpeg,2026-02-23,0000002258,AUTOMERCADO DAVID FP,0.0,354.2,0.0,354.2,VERIFICADO,C:\Users\Marcos\Mi unidad\FYS\Pagos_procesados\2026-02\WhatsApp Image 2026-02-23 at 8.35.46 AM.jpeg
2026-02,WhatsApp Image 2026-02-23 at 8.35.46 AM.jpeg,2026-02-23,0000002259,"PANADERIA Y EXQUISITECES MISS ORIENTAL, C.A",0.0,229.74,0.0,229.74,VERIFICADO,C:\Users\Marcos\Mi unidad\FYS\Pagos_procesados\2026-02\WhatsApp Image 2026-02-23 at 8.35.46 AM.jpeg
2026-02,WhatsApp Image 2026-02-23 at 8.35.46 AM.jpeg,2026-02-23,0000002296,MULTITIENDA BARCELONA CA,0.0,80.92,0.0,80.92,VERIFICADO,C:\Users\Marcos\Mi unidad\FYS\Pagos_procesados\2026-02\WhatsApp Image 2026-02-23 at 8.35.46 AM.jpeg
2026-02,WhatsApp Image 2026-02-23 at 8.35.46 AM.jpeg,2026-02-23,0000002297,MULTITIENDA BARCELONA CA,0.0,83.4,0.0,83.4,VERIFICADO,C:\Users\Marcos\Mi unidad\FYS\Pagos_procesados\2026-02\WhatsApp Image 2026-02-23 at 8.35.46 AM.jpeg
2026-02,WhatsApp Image 2026-02-23 at 8.35.46 AM.jpeg,2026-02-23,0000002298,"DEPOSITADORA GIGANTE, C.A.",0.0,49.91,0.0,49.91,VERIFICADO,C:\Users\Marcos\Mi unidad\FYS\Pagos_procesados\2026-02\WhatsApp Image 2026-02-23 at 8.35.46 AM.jpeg
2026-02,WhatsApp Image 2026-02-25 at 2.12.19 PM.jpeg,2026-02-25,0000002354,EL GRAN CENTURION 2021 CA,0.0,74.18,0.0,74.18,SOLO_TOTAL,C:\Users\Marcos\Mi unidad\FYS\Pagos_procesados\2026-02\WhatsApp Image 2026-02-25 at 2.12.19 PM.jpeg
2026-02,WhatsApp Image 2026-02-25 at 2.12.19 PM.jpeg,2026-02-25,0000002398,"INVERSIONES TIBACUY SINAI F,P",0.0,99.57,0.0,99.57,SOLO_TOTAL,C:\Users\Marcos\Mi unidad\FYS\Pagos_procesados\2026-02\WhatsApp Image 2026-02-25 at 2.12.19 PM.jpeg
2026-02,WhatsApp Image 2026-02-25 at 2.12.19 PM.jpeg,2026-02-25,0000002399,MULTITIENDA BARCELONA C A,0.0,80.91,0.0,80.91,SOLO_TOTAL,C:\Users\Marcos\Mi unidad\FYS\Pagos_procesados\2026-02\WhatsApp Image 2026-02-25 at 2.12.19 PM.jpeg
2026-02,WhatsApp Image 2026-02-25 at 2.12.19 PM.jpeg,2026-02-25,0000002439,SUPERMERCADO DIECIOCHO,0.0,185.0,0.0,185.0,SOLO_TOTAL,C:\Users\Marcos\Mi unidad\FYS\Pagos_procesados\2026-02\WhatsApp Image 2026-02-25 at 2.12.19 PM.jpeg
2026-02,WhatsApp Image 2026-02-25 at 2.12.19 PM.jpeg,2026-02-25,0000002440,"AUTOMERCADO Y PANADERIA LA NARANJA, C. A.",0.0,67.58,0.0,67.58,SOLO_TOTAL,C:\Users\Marcos\Mi unidad\FYS\Pagos_procesados\2026-02\WhatsApp Image 2026-02-25 at 2.12.19 PM.jpeg
2026-02,WhatsApp Image 2026-02-25 at 2.12.19 PM.jpeg,2026-02-25,0000002442,CEN SUPER MARKET,0.0,951.15,0.0,951.15,SOLO_TOTAL,C:\Users\Marcos\Mi unidad\FYS\Pagos_procesados\2026-02\WhatsApp Image 2026-02-25 at 2.12.19 PM.jpeg
2026-02,WhatsApp Image 2026-02-25 at 2.12.19 PM.jpeg,2026-02-25,0000002446,LA FRAGATA EXQUISITECES CA,0.0,639.17,0.0,639.17,SOLO_TOTAL,C:\Users\Marcos\Mi unidad\FYS\Pagos_procesados\2026-02\WhatsApp Image 2026-02-25 at 2.12.19 PM.jpeg
2026-02,WhatsApp Image 2026-02-25 at 2.12.19 PM.jpeg,2026-02-25,0000002459,REAL Y MEDIO SUPERMERCADO CA,0.0,1547.94,0.0,1547.94,SOLO_TOTAL,C:\Users\Marcos\Mi unidad\FYS\Pagos_procesados\2026-02\WhatsApp Image 2026-02-25 at 2.12.19 PM.jpeg
2026-02,WhatsApp Image 2026-02-25 at 2.12.19 PM.jpeg,2026-02-25,0000002460,"AUTOMERCADO CLASIC URBANEJA, C.A",0.0,280.65,0.0,280.65,SOLO_TOTAL,C:\Users\Marcos\Mi unidad\FYS\Pagos_procesados\2026-02\WhatsApp Image 2026-02-25 at 2.12.19 PM.jpeg
2026-02,WhatsApp Image 2026-02-25 at 2.12.19 PM.jpeg,2026-02-25,0000002461,BOLIVAR INVERSIONES CHADAI FP,0.0,61.83,0.0,61.83,SOLO_TOTAL,C:\Users\Marcos\Mi unidad\FYS\Pagos_procesados\2026-02\WhatsApp Image 2026-02-25 at 2.12.19 PM.jpeg
2026-02,WhatsApp Image 2026-02-25 at 2.12.19 PM.jpeg,2026-02-25,0000002462,EMPRENDIMIENTO SARA AMER,0.0,263.8,0.0,263.8,SOLO_TOTAL,C:\Users\Marcos\Mi unidad\FYS\Pagos_procesados\2026-02\WhatsApp Image 2026-02-25 at 2.12.19 PM.jpeg
2026-02,WhatsApp Image 2026-02-26 at 10.37.59 AM.jpeg,2026-02-26,0000002521,1 SUPERMERCADO BARRIO SUCRE 88 F.P,0.0,53.95,0.0,53.95,SOLO_TOTAL,C:\Users\Marcos\Mi unidad\FYS\Pagos_procesados\2026-02\WhatsApp Image 2026-02-26 at 10.37.59 AM.jpeg
2026-02,WhatsApp Image 2026-02-26 at 10.37.59 AM.jpeg,2026-02-26,0000002522,RABEEH MUNIB EL HALABI MUSTAFA,0.0,116.25,0.0,116.25,SOLO_TOTAL,C:\Users\Marcos\Mi unidad\FYS\Pagos_procesados\2026-02\WhatsApp Image 2026-02-26 at 10.37.59 AM.jpeg
2026-02,WhatsApp Image 2026-02-26 at 10.37.59 AM.jpeg,2026-02-26,0000002523,"MINIMARKET MONARCA, C.A.",0.0,66.22,0.0,66.22,SOLO_TOTAL,C:\Users\Marcos\Mi unidad\FYS\Pagos_procesados\2026-02\WhatsApp Image 2026-02-26 at 10.37.59 AM.jpeg
2026-02,WhatsApp Image 2026-02-26 at 10.37.59 AM.jpeg,2026-02-26,0000002586,"SUPERTODO BOULEVARD, C.A",0.0,378.32,0.0,378.32,SOLO_TOTAL,C:\Users\Marcos\Mi unidad\FYS\Pagos_procesados\2026-02\WhatsApp Image 2026-02-26 at 10.37.59 AM.jpeg
2026-02,WhatsApp Image 2026-02-26 at 10.37.59 AM.jpeg,2026-02-26,0000002598,"THE HAO SUPERMARKET, C.A",0.0,1702.69,0.0,1702.69,SOLO_TOTAL,C:\Users\Marcos\Mi unidad\FYS\Pagos_procesados\2026-02\WhatsApp Image 2026-02-26 at 10.37.59 AM.jpeg
2026-02,WhatsApp Image 2026-02-27 at 9.08.01 AM.jpeg,2026-02-27,0000002614,SUPERMERCADO BARRIO SUCRE 88 F.P,107.37,0.0,0.0,107.37,VERIFICADO,C:\Users\Marcos\Mi unidad\FYS\Pagos_procesados\2026-02\WhatsApp Image 2026-02-27 at 9.08.01 AM.jpeg
2026-02,WhatsApp Image 2026-02-27 at 9.08.01 AM.jpeg,2026-02-27,0000002622,"AUTOMERCADO LOS AMIGOS, C.A",0.0,378.83,0.0,378.83,VERIFICADO,C:\Users\Marcos\Mi unidad\FYS\Pagos_procesados\2026-02\WhatsApp Image 2026-02-27 at 9.08.01 AM.jpeg
2026-02,WhatsApp Image 2026-02-27 at 9.08.01 AM.jpeg,2026-02-27,0000002624,"MINI SUPER 2017,C.A.",0.0,1445.66,0.0,1445.66,VERIFICADO,C:\Users\Marcos\Mi unidad\FYS\Pagos_procesados\2026-02\WhatsApp Image 2026-02-27 at 9.08.01 AM.jpeg
2026-02,WhatsApp Image 2026-02-27 at 9.08.01 AM.jpeg,2026-02-27,0000002629,"MINI SUPER 2017,C.A.",0.0,709.04,0.0,709.04,VERIFICADO,C:\Users\Marcos\Mi unidad\FYS\Pagos_procesados\2026-02\WhatsApp Image 2026-02-27 at 9.08.01 AM.jpeg
2026-02,WhatsApp Image 2026-02-27 at 9.08.01 AM.jpeg,2026-02-27,0000002630,EMPRENDIMIENTO BRICEIDA CERMEÑO,0.0,68.0,0.0,68.0,VERIFICADO,C:\Users\Marcos\Mi unidad\FYS\Pagos_procesados\2026-02\WhatsApp Image 2026-02-27 at 9.08.01 AM.jpeg
2026-02,WhatsApp Image 2026-02-27 at 9.08.01 AM.jpeg,2026-02-27,0000002631,"AUTOMERCADO CITY LIDER, C.A",0.0,514.75,0.0,514.75,VERIFICADO,C:\Users\Marcos\Mi unidad\FYS\Pagos_procesados\2026-02\WhatsApp Image 2026-02-27 at 9.08.01 AM.jpeg
2026-02,WhatsApp Image 2026-02-27 at 9.08.01 AM.jpeg,2026-02-27,0000002632,TREBOLLS MARKET CA,0.0,178.09,0.0,178.09,VERIFICADO,C:\Users\Marcos\Mi unidad\FYS\Pagos_procesados\2026-02\WhatsApp Image 2026-02-27 at 9.08.01 AM.jpeg
2026-02,WhatsApp Image 2026-02-27 at 9.08.01 AM.jpeg,2026-02-27,0000002671,"INVERSIONES F&V 2016, C.A",0.0,121.63,0.0,121.63,VERIFICADO,C:\Users\Marcos\Mi unidad\FYS\Pagos_procesados\2026-02\WhatsApp Image 2026-02-27 at 9.08.01 AM.jpeg
2026-02,WhatsApp Image 2026-02-27 at 9.08.01 AM.jpeg,2026-02-27,0000002672,"INVERSIONES TIBACUY SINAI F,P",0.0,103.0,0.0,103.0,VERIFICADO,C:\Users\Marcos\Mi unidad\FYS\Pagos_procesados\2026-02\WhatsApp Image 2026-02-27 at 9.08.01 AM.jpeg
2026-02,WhatsApp Image 2026-02-27 at 9.08.01 AM.jpeg,2026-02-27,0000002673,COMERCIALIZADORA PEREDA,0.0,50.0,0.0,50.0,VERIFICADO,C:\Users\Marcos\Mi unidad\FYS\Pagos_procesados\2026-02\WhatsApp Image 2026-02-27 at 9.08.01 AM.jpeg
2026-03,WhatsApp Image 2026-03-02 at 8.29.43 AM.jpeg,2026-03-02,0000002696,AUTOMERCADO PACIFICO,0.0,424.18,0.0,424.18,VERIFICADO,C:\Users\Marcos\Mi unidad\FYS\Pagos_procesados\2026-03\WhatsApp Image 2026-03-02 at 8.29.43 AM.jpeg
2026-03,WhatsApp Image 2026-03-02 at 8.29.43 AM.jpeg,2026-03-02,0000002697,LA FRAGATA EXQUISITECES CA,0.0,159.99,0.0,159.99,VERIFICADO,C:\Users\Marcos\Mi unidad\FYS\Pagos_procesados\2026-03\WhatsApp Image 2026-03-02 at 8.29.43 AM.jpeg
2026-03,WhatsApp Image 2026-03-02 at 8.29.43 AM.jpeg,2026-03-02,0000002698,AUTO MERCADO UNIOFERTAS CENTER CA,0.0,79.63,0.0,79.63,VERIFICADO,C:\Users\Marcos\Mi unidad\FYS\Pagos_procesados\2026-03\WhatsApp Image 2026-03-02 at 8.29.43 AM.jpeg
2026-03,WhatsApp Image 2026-03-02 at 8.29.43 AM.jpeg,2026-03-02,0000002700,"LA BODEGUILLA ANDALUZ, C.A",0.0,283.55,0.0,283.55,VERIFICADO,C:\Users\Marcos\Mi unidad\FYS\Pagos_procesados\2026-03\WhatsApp Image 2026-03-02 at 8.29.43 AM.jpeg
2026-03,WhatsApp Image 2026-03-02 at 8.29.43 AM.jpeg,2026-03-02,0000002753,SUPERMERCADO BARRIO SUCRE 88 F.P,0.0,14.56,0.0,14.56,VERIFICADO,C:\Users\Marcos\Mi unidad\FYS\Pagos_procesados\2026-03\WhatsApp Image 2026-03-02 at 8.29.43 AM.jpeg
2026-03,WhatsApp Image 2026-03-02 at 8.29.43 AM.jpeg,2026-03-02,0000002754,FARMACIAS SUPER FARMA CA,0.0,73.23,0.0,73.23,VERIFICADO,C:\Users\Marcos\Mi unidad\FYS\Pagos_procesados\2026-03\WhatsApp Image 2026-03-02 at 8.29.43 AM.jpeg
2026-03,WhatsApp Image 2026-03-03 at 10.55.21 AM.jpeg,2026-03-03,0000002802,"AUTOMERCADO Y PANADERIA LA NARANJA, C. A.",0.0,127.68,0.0,127.68,VERIFICADO,C:\Users\Marcos\Mi unidad\FYS\Pagos_procesados\2026-03\WhatsApp Image 2026-03-03 at 10.55.21 AM.jpeg
2026-03,WhatsApp Image 2026-03-03 at 10.55.21 AM.jpeg,2026-03-03,0000002803,WU SUPER ECONOMICA FP,0.0,73.15,0.0,73.15,VERIFICADO,C:\Users\Marcos\Mi unidad\FYS\Pagos_procesados\2026-03\WhatsApp Image 2026-03-03 at 10.55.21 AM.jpeg
2026-03,WhatsApp Image 2026-03-03 at 10.55.21 AM.jpeg,2026-03-03,0000002806,HIPER MERCADO COSTCO CA,0.0,380.88,0.0,380.88,VERIFICADO,C:\Users\Marcos\Mi unidad\FYS\Pagos_procesados\2026-03\WhatsApp Image 2026-03-03 at 10.55.21 AM.jpeg
2026-03,WhatsApp Image 2026-03-03 at 10.55.21 AM.jpeg,2026-03-03,0000002808,EDWAR RAFAEL GONZALEZ RODRIGUEZ,0.0,138.88,0.0,138.88,VERIFICADO,C:\Users\Marcos\Mi unidad\FYS\Pagos_procesados\2026-03\WhatsApp Image 2026-03-03 at 10.55.21 AM.jpeg
2026-03,WhatsApp Image 2026-03-03 at 10.55.21 AM.jpeg,2026-03-03,0000002833,AUTOMERCADO TANG 688 F.P,0.0,118.38,0.0,118.38,VERIFICADO,C:\Users\Marcos\Mi unidad\FYS\Pagos_procesados\2026-03\WhatsApp Image 2026-03-03 at 10.55.21 AM.jpeg
2026-03,WhatsApp Image 2026-03-03 at 10.55.21 AM.jpeg,2026-03-03,0000002888,SUPERMERCADO BARRIO SUCRE 88 F.P,70.05,0.0,0.0,70.05,VERIFICADO,C:\Users\Marcos\Mi unidad\FYS\Pagos_procesados\2026-03\WhatsApp Image 2026-03-03 at 10.55.21 AM.jpeg
2026-03,WhatsApp Image 2026-03-04 at 8.38.43 AM.jpeg,2026-03-04,0000002935,"MINI MARKET SUPERGANGA, C.A",0.0,575.82,0.0,575.82,VERIFICADO,C:\Users\Marcos\Mi unidad\FYS\Pagos_procesados\2026-03\WhatsApp Image 2026-03-04 at 8.38.43 AM.jpeg
2026-03,WhatsApp Image 2026-03-04 at 8.38.43 AM.jpeg,2026-03-04,0000002936,LA REINA DEL FARO 2023 CA,0.0,174.68,0.0,174.68,VERIFICADO,C:\Users\Marcos\Mi unidad\FYS\Pagos_procesados\2026-03\WhatsApp Image 2026-03-04 at 8.38.43 AM.jpeg
2026-03,WhatsApp Image 2026-03-04 at 8.38.43 AM.jpeg,2026-03-04,0000002937,"INVERSIONES F&V 2016, C.A",0.0,119.05,0.0,119.05,VERIFICADO,C:\Users\Marcos\Mi unidad\FYS\Pagos_procesados\2026-03\WhatsApp Image 2026-03-04 at 8.38.43 AM.jpeg
2026-03,WhatsApp Image 2026-03-04 at 8.38.43 AM.jpeg,2026-03-04,0000002938,"FANG KING MARKET F,P",0.0,137.99,0.0,137.99,VERIFICADO,C:\Users\Marcos\Mi unidad\FYS\Pagos_procesados\2026-03\WhatsApp Image 2026-03-04 at 8.38.43 AM.jpeg
2026-03,WhatsApp Image 2026-03-04 at 8.38.43 AM.jpeg,2026-03-04,0000002939,COMERCIALIZADORA PEREDA,0.0,161.24,0.0,161.24,VERIFICADO,C:\Users\Marcos\Mi unidad\FYS\Pagos_procesados\2026-03\WhatsApp Image 2026-03-04 at 8.38.43 AM.jpeg
2026-03,WhatsApp Image 2026-03-04 at 8.38.43 AM.jpeg,2026-03-04,0000002940,MERCADO LA FINCA CA,0.0,201.01,0.0,201.01,VERIFICADO,C:\Users\Marcos\Mi unidad\FYS\Pagos_procesados\2026-03\WhatsApp Image 2026-03-04 at 8.38.43 AM.jpeg
2026-03,WhatsApp Image 2026-03-04 at 8.38.43 AM.jpeg,2026-03-04,0000003059,WU SUPER TODO FP,0.0,101.21,0.0,101.21,VERIFICADO,C:\Users\Marcos\Mi unidad\FYS\Pagos_procesados\2026-03\WhatsApp Image 2026-03-04 at 8.38.43 AM.jpeg
2026-03,WhatsApp Image 2026-03-04 at 8.38.43 AM.jpeg,2026-03-04,0000003060,EMPRENDIMIENTO BRICEIDA CERMEÑO,0.0,39.01,0.0,39.01,VERIFICADO,C:\Users\Marcos\Mi unidad\FYS\Pagos_procesados\2026-03\WhatsApp Image 2026-03-04 at 8.38.43 AM.jpeg
2026-03,WhatsApp Image 2026-03-04 at 8.38.43 AM.jpeg,2026-03-04,0000003061,ZHENG INVERSIONES SUPERIOR FP,0.0,369.6,0.0,369.6,VERIFICADO,C:\Users\Marcos\Mi unidad\FYS\Pagos_procesados\2026-03\WhatsApp Image 2026-03-04 at 8.38.43 AM.jpeg
2026-03,WhatsApp Image 2026-03-05 at 10.14.01 AM.jpeg,2026-03-05,0000003092,"DISTRIBUIDORA CAMINO REAL C Y D, CA",0.0,98.75,0.0,98.75,VERIFICADO,C:\Users\Marcos\Mi unidad\FYS\Pagos_procesados\2026-03\WhatsApp Image 2026-03-05 at 10.14.01 AM.jpeg
2026-03,WhatsApp Image 2026-03-05 at 10.14.01 AM.jpeg,2026-03-05,0000003093,"ALIMERKA, C.A.",0.0,584.01,0.0,584.01,VERIFICADO,C:\Users\Marcos\Mi unidad\FYS\Pagos_procesados\2026-03\WhatsApp Image 2026-03-05 at 10.14.01 AM.jpeg
2026-03,WhatsApp Image 2026-03-05 at 10.14.01 AM.jpeg,2026-03-05,0000003094,SUPERMERCADO MINGYU CA,0.0,680.81,0.0,680.81,VERIFICADO,C:\Users\Marcos\Mi unidad\FYS\Pagos_procesados\2026-03\WhatsApp Image 2026-03-05 at 10.14.01 AM.jpeg
2026-03,WhatsApp Image 2026-03-05 at 10.14.01 AM.jpeg,2026-03-05,0000003095,CHACIN MINI ABASTO FP,0.0,252.53,0.0,252.53,VERIFICADO,C:\Users\Marcos\Mi unidad\FYS\Pagos_procesados\2026-03\WhatsApp Image 2026-03-05 at 10.14.01 AM.jpeg
2026-03,WhatsApp Image 2026-03-05 at 10.14.01 AM.jpeg,2026-03-05,0000003096,CEN BOLIVAR,0.0,314.15,0.0,314.15,VERIFICADO,C:\Users\Marcos\Mi unidad\FYS\Pagos_procesados\2026-03\WhatsApp Image 2026-03-05 at 10.14.01 AM.jpeg
2026-03,WhatsApp Image 2026-03-05 at 10.14.01 AM.jpeg,2026-03-05,0000003097,"INSIEME, S.A.",0.0,1775.52,0.0,1775.52,VERIFICADO,C:\Users\Marcos\Mi unidad\FYS\Pagos_procesados\2026-03\WhatsApp Image 2026-03-05 at 10.14.01 AM.jpeg
2026-03,WhatsApp Image 2026-03-05 at 10.14.01 AM.jpeg,2026-03-05,0000003128,"DEPOSITADORA GIGANTE, C.A.",0.0,255.45,0.0,255.45,VERIFICADO,C:\Users\Marcos\Mi unidad\FYS\Pagos_procesados\2026-03\WhatsApp Image 2026-03-05 at 10.14.01 AM.jpeg
2026-03,WhatsApp Image 2026-03-05 at 10.14.01 AM.jpeg,2026-03-05,0000003129,"BODEMARKET,C.A",0.0,579.0,0.0,579.0,VERIFICADO,C:\Users\Marcos\Mi unidad\FYS\Pagos_procesados\2026-03\WhatsApp Image 2026-03-05 at 10.14.01 AM.jpeg
2026-03,WhatsApp Image 2026-03-05 at 10.14.01 AM.jpeg,2026-03-05,0000003130,SUPERCOMBO EXPRESS CA,0.0,303.08,0.0,303.08,VERIFICADO,C:\Users\Marcos\Mi unidad\FYS\Pagos_procesados\2026-03\WhatsApp Image 2026-03-05 at 10.14.01 AM.jpeg
2026-03,WhatsApp Image 2026-03-05 at 10.14.01 AM.jpeg,2026-03-05,0000003131,AUTOMERCADO PACIFICO,0.0,585.52,0.0,585.52,VERIFICADO,C:\Users\Marcos\Mi unidad\FYS\Pagos_procesados\2026-03\WhatsApp Image 2026-03-05 at 10.14.01 AM.jpeg
2026-03,WhatsApp Image 2026-03-05 at 10.14.01 AM.jpeg,2026-03-05,0000003151,SUPERMERCADO EL ORIENTE DORADO CA,0.0,559.56,0.0,559.56,VERIFICADO,C:\Users\Marcos\Mi unidad\FYS\Pagos_procesados\2026-03\WhatsApp Image 2026-03-05 at 10.14.01 AM.jpeg
2026-03,WhatsApp Image 2026-03-05 at 10.14.01 AM.jpeg,2026-03-05,0000003152,PANAD. PAST. CHARCUT. Y BOD. CITY MANZION 95 CA,0.0,241.15,0.0,241.15,VERIFICADO,C:\Users\Marcos\Mi unidad\FYS\Pagos_procesados\2026-03\WhatsApp Image 2026-03-05 at 10.14.01 AM.jpeg
2026-03,WhatsApp Image 2026-03-07 at 9.41.01 AM.jpeg,2026-03-07,0000003189,VIVERES ASIA,0.0,294.45,0.0,294.45,VERIFICADO,C:\Users\Marcos\Mi unidad\FYS\Pagos_procesados\2026-03\WhatsApp Image 2026-03-07 at 9.41.01 AM.jpeg
2026-03,WhatsApp Image 2026-03-07 at 9.41.01 AM.jpeg,2026-03-07,0000003191,LEYUMIR ELENA HENRIQUEZ LAYA,0.0,82.23,0.0,82.23,VERIFICADO,C:\Users\Marcos\Mi unidad\FYS\Pagos_procesados\2026-03\WhatsApp Image 2026-03-07 at 9.41.01 AM.jpeg
2026-03,WhatsApp Image 2026-03-07 at 9.41.01 AM.jpeg,2026-03-07,0000003192,"MINI SUPER 2017,C.A.",0.0,832.85,0.0,832.85,VERIFICADO,C:\Users\Marcos\Mi unidad\FYS\Pagos_procesados\2026-03\WhatsApp Image 2026-03-07 at 9.41.01 AM.jpeg
2026-03,WhatsApp Image 2026-03-07 at 9.41.01 AM.jpeg,2026-03-07,0000003193,"MINI SUPER 2017,C.A.",0.0,255.38,0.0,255.38,VERIFICADO,C:\Users\Marcos\Mi unidad\FYS\Pagos_procesados\2026-03\WhatsApp Image 2026-03-07 at 9.41.01 AM.jpeg
2026-03,WhatsApp Image 2026-03-07 at 9.41.01 AM.jpeg,2026-03-07,0000003232,COMERCIALIZADORA PEREDA,0.0,50.0,0.0,50.0,VERIFICADO,C:\Users\Marcos\Mi unidad\FYS\Pagos_procesados\2026-03\WhatsApp Image 2026-03-07 at 9.41.01 AM.jpeg
2026-03,WhatsApp Image 2026-03-07 at 9.41.01 AM.jpeg,2026-03-07,0000003233,COMERCIAL NUEVA CARACAS 168 C.A,0.0,137.6,0.0,137.6,VERIFICADO,C:\Users\Marcos\Mi unidad\FYS\Pagos_procesados\2026-03\WhatsApp Image 2026-03-07 at 9.41.01 AM.jpeg
2026-03,WhatsApp Image 2026-03-07 at 9.41.01 AM.jpeg,2026-03-07,0000003234,COMERCIAL NUEVA CARACAS 168 C.A,0.0,121.64,0.0,121.64,VERIFICADO,C:\Users\Marcos\Mi unidad\FYS\Pagos_procesados\2026-03\WhatsApp Image 2026-03-07 at 9.41.01 AM.jpeg
2026-03,WhatsApp Image 2026-03-07 at 9.41.01 AM.jpeg,2026-03-07,0000003235,CARNICERIA LAS PALMERAS DK2021 FP,0.0,10.22,0.0,10.22,VERIFICADO,C:\Users\Marcos\Mi unidad\FYS\Pagos_procesados\2026-03\WhatsApp Image 2026-03-07 at 9.41.01 AM.jpeg
2026-03,WhatsApp Image 2026-03-07 at 9.41.01 AM.jpeg,2026-03-07,0000003236,"INVERSIONES NUEVA MIRANDA 88, C. A.",0.0,92.46,0.0,92.46,VERIFICADO,C:\Users\Marcos\Mi unidad\FYS\Pagos_procesados\2026-03\WhatsApp Image 2026-03-07 at 9.41.01 AM.jpeg
2026-03,WhatsApp Image 2026-03-07 at 9.41.01 AM.jpeg,2026-03-07,0000003263,ALVAREZ PLAZA MARKET F.P,239.82,0.0,0.0,239.82,VERIFICADO,C:\Users\Marcos\Mi unidad\FYS\Pagos_procesados\2026-03\WhatsApp Image 2026-03-07 at 9.41.01 AM.jpeg
2026-03,WhatsApp Image 2026-03-07 at 9.41.01 AM.jpeg,2026-03-07,0000003268,CEN SUPER MARKET,0.0,135.77,0.0,135.77,VERIFICADO,C:\Users\Marcos\Mi unidad\FYS\Pagos_procesados\2026-03\WhatsApp Image 2026-03-07 at 9.41.01 AM.jpeg
2026-03,WhatsApp Image 2026-03-07 at 9.41.01 AM.jpeg,2026-03-07,0000003269,AUTOMERCADO PACIFICO,0.0,124.58,0.0,124.58,VERIFICADO,C:\Users\Marcos\Mi unidad\FYS\Pagos_procesados\2026-03\WhatsApp Image 2026-03-07 at 9.41.01 AM.jpeg
2026-03,WhatsApp Image 2026-03-07 at 9.41.01 AM.jpeg,2026-03-07,0000003270,AUTOMERCADO PACIFICO,0.0,337.37,0.0,337.37,VERIFICADO,C:\Users\Marcos\Mi unidad\FYS\Pagos_procesados\2026-03\WhatsApp Image 2026-03-07 at 9.41.01 AM.jpeg
2026-03,WhatsApp Image 2026-03-10 at 8.49.29 AM.jpeg,2026-03-10,0000003339,SUPER CASA WIPI,0.0,76.43,0.0,76.43,VERIFICADO,C:\Users\Marcos\Mi unidad\FYS\Pagos_procesados\2026-03\WhatsApp Image 2026-03-10 at 8.49.29 AM.jpeg
2026-03,WhatsApp Image 2026-03-11 at 3.12.47 PM.jpeg,2026-03-11,0000003497,BODEGON EL IMPERIO CA,0.0,46.02,0.0,46.02,VERIFICADO,C:\Users\Marcos\Mi unidad\FYS\Pagos_procesados\2026-03\WhatsApp Image 2026-03-11 at 3.12.47 PM.jpeg
2026-03,WhatsApp Image 2026-03-11 at 3.12.47 PM.jpeg,2026-03-11,0000003498,COMERCIALIZADORA PEREDA,0.0,183.0,0.0,183.0,VERIFICADO,C:\Users\Marcos\Mi unidad\FYS\Pagos_procesados\2026-03\WhatsApp Image 2026-03-11 at 3.12.47 PM.jpeg
2026-03,WhatsApp Image 2026-03-11 at 3.12.47 PM.jpeg,2026-03-11,0000003499,"FANG KING MARKET F,P",0.0,143.08,0.0,143.08,VERIFICADO,C:\Users\Marcos\Mi unidad\FYS\Pagos_procesados\2026-03\WhatsApp Image 2026-03-11 at 3.12.47 PM.jpeg
2026-03,WhatsApp Image 2026-03-11 at 3.12.47 PM.jpeg,2026-03-11,0000003500,"URANGA INVERSIONES, F.P",0.0,906.41,0.0,906.41,VERIFICADO,C:\Users\Marcos\Mi unidad\FYS\Pagos_procesados\2026-03\WhatsApp Image 2026-03-11 at 3.12.47 PM.jpeg
2026-03,WhatsApp Image 2026-03-12 at 8.31.51 AM.jpeg,2026-03-12,0000003568,LIELISBETH GABRIELA CORDERO ( CORDERO ALEIRBAG SHOP FP),0.0,80.0,0.0,80.0,VERIFICADO,C:\Users\Marcos\Mi unidad\FYS\Pagos_procesados\2026-03\WhatsApp Image 2026-03-12 at 8.31.51 AM.jpeg
2026-03,WhatsApp Image 2026-03-12 at 8.31.51 AM.jpeg,2026-03-12,0000003569,"INVERSIONES TIBACUY SINAI F,P",0.0,200.0,0.0,200.0,VERIFICADO,C:\Users\Marcos\Mi unidad\FYS\Pagos_procesados\2026-03\WhatsApp Image 2026-03-12 at 8.31.51 AM.jpeg
2026-03,WhatsApp Image 2026-03-12 at 8.31.51 AM.jpeg,2026-03-12,0000003595,AUTOMERCADO DAVID FP,0.0,180.07,0.0,180.07,VERIFICADO,C:\Users\Marcos\Mi unidad\FYS\Pagos_procesados\2026-03\WhatsApp Image 2026-03-12 at 8.31.51 AM.jpeg
2026-03,WhatsApp Image 2026-03-12 at 8.31.51 AM.jpeg,2026-03-12,0000003596,BOLIVAR INVERSIONES CHADAI FP,0.0,155.83,0.0,155.83,VERIFICADO,C:\Users\Marcos\Mi unidad\FYS\Pagos_procesados\2026-03\WhatsApp Image 2026-03-12 at 8.31.51 AM.jpeg
2026-03,WhatsApp Image 2026-03-12 at 8.31.51 AM.jpeg,2026-03-12,0000003597,CHANG SUPERMARKET 29 DE MARZO,0.0,97.78,0.0,97.78,VERIFICADO,C:\Users\Marcos\Mi unidad\FYS\Pagos_procesados\2026-03\WhatsApp Image 2026-03-12 at 8.31.51 AM.jpeg
2026-03,WhatsApp Image 2026-03-12 at 8.31.51 AM.jpeg,2026-03-12,0000003598,EMPRENDIMIENTO MAHRAN SHOKFAN,0.0,97.23,0.0,97.23,VERIFICADO,C:\Users\Marcos\Mi unidad\FYS\Pagos_procesados\2026-03\WhatsApp Image 2026-03-12 at 8.31.51 AM.jpeg
2026-03,WhatsApp Image 2026-03-12 at 8.31.51 AM.jpeg,2026-03-12,0000003599,FRESH MARKET C.A.,0.0,462.03,0.0,462.03,VERIFICADO,C:\Users\Marcos\Mi unidad\FYS\Pagos_procesados\2026-03\WhatsApp Image 2026-03-12 at 8.31.51 AM.jpeg
2026-03,WhatsApp Image 2026-03-12 at 8.31.51 AM.jpeg,2026-03-12,0000003600,INVERSIONES PERFECTO C.A,0.0,411.68,0.0,411.68,VERIFICADO,C:\Users\Marcos\Mi unidad\FYS\Pagos_procesados\2026-03\WhatsApp Image 2026-03-12 at 8.31.51 AM.jpeg
2026-03,WhatsApp Image 2026-03-12 at 8.31.51 AM.jpeg,2026-03-12,0000003601,"SUPERTODO BOULEVARD, C.A",0.0,211.47,0.0,211.47,VERIFICADO,C:\Users\Marcos\Mi unidad\FYS\Pagos_procesados\2026-03\WhatsApp Image 2026-03-12 at 8.31.51 AM.jpeg
2026-03,WhatsApp Image 2026-03-12 at 8.31.51 AM.jpeg,2026-03-12,0000003602,TREBOLLS MARKET CA,0.0,139.12,0.0,139.12,VERIFICADO,C:\Users\Marcos\Mi unidad\FYS\Pagos_procesados\2026-03\WhatsApp Image 2026-03-12 at 8.31.51 AM.jpeg
2026-03,WhatsApp Image 2026-03-12 at 8.31.51 AM.jpeg,2026-03-12,0000003639,CEN SUPER MARKET,0.0,677.95,0.0,677.95,VERIFICADO,C:\Users\Marcos\Mi unidad\FYS\Pagos_procesados\2026-03\WhatsApp Image 2026-03-12 at 8.31.51 AM.jpeg
2026-03,WhatsApp Image 2026-03-12 at 8.31.51 AM.jpeg,2026-03-12,0000003640,COMERCIAL EL GRAN MUNDO 888 CA,0.0,448.23,0.0,448.23,VERIFICADO,C:\Users\Marcos\Mi unidad\FYS\Pagos_procesados\2026-03\WhatsApp Image 2026-03-12 at 8.31.51 AM.jpeg
2026-03,WhatsApp Image 2026-03-12 at 8.31.51 AM.jpeg,2026-03-12,0000003641,"AUTOMERCADO Y PANADERIA LA NARANJA, C. A.",0.0,110.0,0.0,110.0,VERIFICADO,C:\Users\Marcos\Mi unidad\FYS\Pagos_procesados\2026-03\WhatsApp Image 2026-03-12 at 8.31.51 AM.jpeg
2026-03,WhatsApp Image 2026-03-12 at 8.31.51 AM.jpeg,2026-03-12,0000003642,LIMEGA PORTELA F.P,0.0,96.14,0.0,96.14,VERIFICADO,C:\Users\Marcos\Mi unidad\FYS\Pagos_procesados\2026-03\WhatsApp Image 2026-03-12 at 8.31.51 AM.jpeg
2026-03,WhatsApp Image 2026-03-12 at 8.31.51 AM.jpeg,2026-03-12,0000003643,SUPER CASA WIPI,0.0,67.47,0.0,67.47,VERIFICADO,C:\Users\Marcos\Mi unidad\FYS\Pagos_procesados\2026-03\WhatsApp Image 2026-03-12 at 8.31.51 AM.jpeg
2026-03,WhatsApp Image 2026-03-12 at 8.31.51 AM.jpeg,2026-03-12,0000003644,"THE HAO SUPERMARKET, C.A",0.0,674.73,0.0,674.73,VERIFICADO,C:\Users\Marcos\Mi unidad\FYS\Pagos_procesados\2026-03\WhatsApp Image 2026-03-12 at 8.31.51 AM.jpeg
2026-03,WhatsApp Image 2026-03-12 at 8.31.51 AM.jpeg,2026-03-12,0000003645,"THE HAO SUPERMARKET, C.A",0.0,24.35,0.0,24.35,VERIFICADO,C:\Users\Marcos\Mi unidad\FYS\Pagos_procesados\2026-03\WhatsApp Image 2026-03-12 at 8.31.51 AM.jpeg
2026-03,WhatsApp Image 2026-03-12 at 8.31.51 AM.jpeg,2026-03-12,0000003654,DISTRIBUIDORA MEGAMAXI CA,0.0,102.27,0.0,102.27,VERIFICADO,C:\Users\Marcos\Mi unidad\FYS\Pagos_procesados\2026-03\WhatsApp Image 2026-03-12 at 8.31.51 AM.jpeg
2026-03,WhatsApp Image 2026-03-13 at 8.54.05 AM.jpeg,2026-03-13,0000003667,AUTOMERCADO PACIFICO,0.0,506.05,0.0,506.05,VERIFICADO,C:\Users\Marcos\Mi unidad\FYS\Pagos_procesados\2026-03\WhatsApp Image 2026-03-13 at 8.54.05 AM.jpeg
2026-03,WhatsApp Image 2026-03-13 at 8.54.05 AM.jpeg,2026-03-13,0000003668,CEN SUPER MARKET,0.0,229.3,0.0,229.3,VERIFICADO,C:\Users\Marcos\Mi unidad\FYS\Pagos_procesados\2026-03\WhatsApp Image 2026-03-13 at 8.54.05 AM.jpeg
2026-03,WhatsApp Image 2026-03-13 at 8.54.05 AM.jpeg,2026-03-13,0000003673,ROSARIO INVERSIONES EXITO FP,0.0,255.56,0.0,255.56,VERIFICADO,C:\Users\Marcos\Mi unidad\FYS\Pagos_procesados\2026-03\WhatsApp Image 2026-03-13 at 8.54.05 AM.jpeg
2026-03,WhatsApp Image 2026-03-14 at 8.25.27 AM.jpeg,2026-03-14,0000003748,SUPERMERCADO BARRIO SUCRE 88 F.P,69.25,0.0,0.0,69.25,VERIFICADO,C:\Users\Marcos\Mi unidad\FYS\Pagos_procesados\2026-03\WhatsApp Image 2026-03-14 at 8.25.27 AM.jpeg
2026-03,WhatsApp Image 2026-03-14 at 8.25.27 AM.jpeg,2026-03-14,0000003749,"THE HAO SUPERMARKET, C.A",0.0,1004.34,0.0,1004.34,VERIFICADO,C:\Users\Marcos\Mi unidad\FYS\Pagos_procesados\2026-03\WhatsApp Image 2026-03-14 at 8.25.27 AM.jpeg
2026-03,WhatsApp Image 2026-03-14 at 8.25.27 AM.jpeg,2026-03-14,0000003750,"AUTOMERCADO Y PANADERIA LA NARANJA, C. A.",0.0,100.0,0.0,100.0,VERIFICADO,C:\Users\Marcos\Mi unidad\FYS\Pagos_procesados\2026-03\WhatsApp Image 2026-03-14 at 8.25.27 AM.jpeg
2026-03,WhatsApp Image 2026-03-14 at 8.25.27 AM.jpeg,2026-03-14,0000003758,AUTOMERCADO DAVID FP,0.0,56.43,0.0,56.43,VERIFICADO,C:\Users\Marcos\Mi unidad\FYS\Pagos_procesados\2026-03\WhatsApp Image 2026-03-14 at 8.25.27 AM.jpeg
2026-03,WhatsApp Image 2026-03-14 at 8.25.27 AM.jpeg,2026-03-14,0000003759,AUTO MERCADO UNIOFERTAS CENTERCA,0.0,57.79,0.0,57.79,VERIFICADO,C:\Users\Marcos\Mi unidad\FYS\Pagos_procesados\2026-03\WhatsApp Image 2026-03-14 at 8.25.27 AM.jpeg
2026-03,WhatsApp Image 2026-03-14 at 8.25.27 AM.jpeg,2026-03-14,0000003760,CEN SUPER MARKET,0.0,135.77,0.0,135.77,VERIFICADO,C:\Users\Marcos\Mi unidad\FYS\Pagos_procesados\2026-03\WhatsApp Image 2026-03-14 at 8.25.27 AM.jpeg
2026-03,WhatsApp Image 2026-03-14 at 8.25.27 AM.jpeg,2026-03-14,0000003761,COMERCIAL EL GRAN MUNDO 888 CA,0.0,694.41,0.0,694.41,VERIFICADO,C:\Users\Marcos\Mi unidad\FYS\Pagos_procesados\2026-03\WhatsApp Image 2026-03-14 at 8.25.27 AM.jpeg
2026-03,WhatsApp Image 2026-03-14 at 8.25.27 AM.jpeg,2026-03-14,0000003762,LA FRAGATA EXQUISITECES CA,0.0,152.33,0.0,152.33,VERIFICADO,C:\Users\Marcos\Mi unidad\FYS\Pagos_procesados\2026-03\WhatsApp Image 2026-03-14 at 8.25.27 AM.jpeg
2026-03,WhatsApp Image 2026-03-14 at 8.25.27 AM.jpeg,2026-03-14,0000003763,DISTRIBUIDORA MEGAMAXI C.A,0.0,86.75,0.0,86.75,VERIFICADO,C:\Users\Marcos\Mi unidad\FYS\Pagos_procesados\2026-03\WhatsApp Image 2026-03-14 at 8.25.27 AM.jpeg
2026-03,WhatsApp Image 2026-03-14 at 8.25.27 AM.jpeg,2026-03-14,0000003764,"MERCATODOS ANZOATEGUI, C.A",0.0,582.85,0.0,582.85,VERIFICADO,C:\Users\Marcos\Mi unidad\FYS\Pagos_procesados\2026-03\WhatsApp Image 2026-03-14 at 8.25.27 AM.jpeg
2026-03,WhatsApp Image 2026-03-14 at 8.25.27 AM.jpeg,2026-03-14,0000003765,"MINI SUPER 2017,C.A.",0.0,3617.34,0.0,3617.34,VERIFICADO,C:\Users\Marcos\Mi unidad\FYS\Pagos_procesados\2026-03\WhatsApp Image 2026-03-14 at 8.25.27 AM.jpeg
2026-03,WhatsApp Image 2026-03-14 at 8.25.27 AM.jpeg,2026-03-14,0000003775,"MINISUPER 2017,C.A.",0.0,168.53,0.0,168.53,VERIFICADO,C:\Users\Marcos\Mi unidad\FYS\Pagos_procesados\2026-03\WhatsApp Image 2026-03-14 at 8.25.27 AM.jpeg
2026-03,WhatsApp Image 2026-03-14 at 8.25.27 AM.jpeg,2026-03-14,0000003805,SUPERMERCADO BARRIO SUCRE 88 F.P,0.0,164.19,0.0,164.19,VERIFICADO,C:\Users\Marcos\Mi unidad\FYS\Pagos_procesados\2026-03\WhatsApp Image 2026-03-14 at 8.25.27 AM.jpeg
2026-03,WhatsApp Image 2026-03-14 at 8.25.27 AM.jpeg,2026-03-14,0000003806,"AUTOMERCADO LOS AMIGOS, C.A",0.0,820.56,0.0,820.56,VERIFICADO,C:\Users\Marcos\Mi unidad\FYS\Pagos_procesados\2026-03\WhatsApp Image 2026-03-14 at 8.25.27 AM.jpeg
2026-03,WhatsApp Image 2026-03-14 at 8.25.27 AM.jpeg,2026-03-14,0000003807,CHACIN MINI ABASTO FP,0.0,161.39,0.0,161.39,VERIFICADO,C:\Users\Marcos\Mi unidad\FYS\Pagos_procesados\2026-03\WhatsApp Image 2026-03-14 at 8.25.27 AM.jpeg
2026-03,WhatsApp Image 2026-03-14 at 8.25.27 AM.jpeg,2026-03-14,0000003808,"COMERCIALIZADORA Y DISTRIBUIDORA CHACIN Y AURA, C.A.",0.0,82.52,0.0,82.52,VERIFICADO,C:\Users\Marcos\Mi unidad\FYS\Pagos_procesados\2026-03\WhatsApp Image 2026-03-14 at 8.25.27 AM.jpeg
2026-03,WhatsApp Image 2026-03-18 at 9.36.18 AM.jpeg,2026-03-18,0000003965,COMERCIALIZADORA PEREDA,0.0,67.0,0.0,67.0,VERIFICADO,C:\Users\Marcos\Mi unidad\FYS\Pagos_procesados\2026-03\WhatsApp Image 2026-03-18 at 9.36.18 AM.jpeg
2026-03,WhatsApp Image 2026-03-18 at 9.36.18 AM.jpeg,2026-03-18,0000003966,COMERCIALIZADORA PEREDA,0.0,25.36,0.0,25.36,VERIFICADO,C:\Users\Marcos\Mi unidad\FYS\Pagos_procesados\2026-03\WhatsApp Image 2026-03-18 at 9.36.18 AM.jpeg
2026-03,WhatsApp Image 2026-03-18 at 9.36.18 AM.jpeg,2026-03-18,0000003967,MARKET LUISAR CA,0.0,31.31,0.0,31.31,VERIFICADO,C:\Users\Marcos\Mi unidad\FYS\Pagos_procesados\2026-03\WhatsApp Image 2026-03-18 at 9.36.18 AM.jpeg
2026-03,WhatsApp Image 2026-03-18 at 9.36.18 AM.jpeg,2026-03-18,0000003968,"INSIEME, S.A.",0.0,335.8,0.0,335.8,VERIFICADO,C:\Users\Marcos\Mi unidad\FYS\Pagos_procesados\2026-03\WhatsApp Image 2026-03-18 at 9.36.18 AM.jpeg
2026-03,WhatsApp Image 2026-03-18 at 9.36.18 AM.jpeg,2026-03-18,0000003969,SUPERMERCADO MINGYU CA,0.0,778.46,0.0,778.46,VERIFICADO,C:\Users\Marcos\Mi unidad\FYS\Pagos_procesados\2026-03\WhatsApp Image 2026-03-18 at 9.36.18 AM.jpeg
2026-03,WhatsApp Image 2026-03-18 at 9.36.18 AM.jpeg,2026-03-18,0000003970,"INVERSIONES TIBACUY SINAIF,P",0.0,250.0,0.0,250.0,VERIFICADO,C:\Users\Marcos\Mi unidad\FYS\Pagos_procesados\2026-03\WhatsApp Image 2026-03-18 at 9.36.18 AM.jpeg
2026-03,WhatsApp Image 2026-03-19 at 10.40.36 AM.jpeg,2026-03-19,0000004033,EXQUISITECES Y CHARCUTERIA AEROPAN CA,0.0,0.0,0.0,0.0,VERIFICADO,C:\Users\Marcos\Mi unidad\FYS\Pagos_procesados\2026-03\WhatsApp Image 2026-03-19 at 10.40.36 AM.jpeg
2026-03,WhatsApp Image 2026-03-19 at 10.40.36 AM.jpeg,2026-03-19,0000004035,EXQUISITECES Y CHARCUTERIA AEROPANCA,0.0,309.65,0.0,309.65,VERIFICADO,C:\Users\Marcos\Mi unidad\FYS\Pagos_procesados\2026-03\WhatsApp Image 2026-03-19 at 10.40.36 AM.jpeg
2026-03,WhatsApp Image 2026-03-19 at 10.40.36 AM.jpeg,2026-03-19,0000004037,EMPRENDIMIENTO SHADI HAMAD,0.0,211.09,0.0,211.09,VERIFICADO,C:\Users\Marcos\Mi unidad\FYS\Pagos_procesados\2026-03\WhatsApp Image 2026-03-19 at 10.40.36 AM.jpeg
2026-03,WhatsApp Image 2026-03-19 at 10.40.36 AM.jpeg,2026-03-19,0000004038,"AUTOMERCADO Y PANADERIA LA NARANJA, C. A.",0.0,99.99,0.0,99.99,VERIFICADO,C:\Users\Marcos\Mi unidad\FYS\Pagos_procesados\2026-03\WhatsApp Image 2026-03-19 at 10.40.36 AM.jpeg
2026-03,WhatsApp Image 2026-03-19 at 10.40.36 AM.jpeg,2026-03-19,0000004039,SUPERMERCADO DIECIOCHO,0.0,339.39,0.0,339.39,VERIFICADO,C:\Users\Marcos\Mi unidad\FYS\Pagos_procesados\2026-03\WhatsApp Image 2026-03-19 at 10.40.36 AM.jpeg
2026-03,WhatsApp Image 2026-03-19 at 10.40.36 AM.jpeg,2026-03-19,0000004040,AUTOMERCADO PACIFICO,0.0,187.18,0.0,187.18,VERIFICADO,C:\Users\Marcos\Mi unidad\FYS\Pagos_procesados\2026-03\WhatsApp Image 2026-03-19 at 10.40.36 AM.jpeg
2026-03,WhatsApp Image 2026-03-19 at 10.40.36 AM.jpeg,2026-03-19,0000004041,"MINI SUPER 2017,C.A.",0.0,450.17,0.0,450.17,VERIFICADO,C:\Users\Marcos\Mi unidad\FYS\Pagos_procesados\2026-03\WhatsApp Image 2026-03-19 at 10.40.36 AM.jpeg
2026-03,WhatsApp Image 2026-03-19 at 10.40.36 AM.jpeg,2026-03-19,0000004043,VIVERES ASIA,0.0,281.64,0.0,281.64,VERIFICADO,C:\Users\Marcos\Mi unidad\FYS\Pagos_procesados\2026-03\WhatsApp Image 2026-03-19 at 10.40.36 AM.jpeg
2026-03,WhatsApp Image 2026-03-19 at 10.40.36 AM.jpeg,2026-03-19,0000004044,VIVERES ASIA,0.0,124.42,0.0,124.42,VERIFICADO,C:\Users\Marcos\Mi unidad\FYS\Pagos_procesados\2026-03\WhatsApp Image 2026-03-19 at 10.40.36 AM.jpeg
2026-03,WhatsApp Image 2026-03-19 at 10.40.36 AM.jpeg,2026-03-19,0000004047,DISTRIBUIDORA MEGAMAXI C.A,0.0,122.42,0.0,122.42,VERIFICADO,C:\Users\Marcos\Mi unidad\FYS\Pagos_procesados\2026-03\WhatsApp Image 2026-03-19 at 10.40.36 AM.jpeg
2026-03,WhatsApp Image 2026-03-19 at 10.40.36 AM.jpeg,2026-03-19,0000004048,"MINI SUPER 2017,C.A.",0.0,386.96,0.0,386.96,VERIFICADO,C:\Users\Marcos\Mi unidad\FYS\Pagos_procesados\2026-03\WhatsApp Image 2026-03-19 at 10.40.36 AM.jpeg
2026-03,WhatsApp Image 2026-03-19 at 10.40.36 AM.jpeg,2026-03-19,0000004049,NG DARLI MUNDO FP,0.0,283.86,0.0,283.86,VERIFICADO,C:\Users\Marcos\Mi unidad\FYS\Pagos_procesados\2026-03\WhatsApp Image 2026-03-19 at 10.40.36 AM.jpeg
2026-03,WhatsApp Image 2026-03-19 at 10.40.36 AM.jpeg,2026-03-19,0000004050,MINIMARKET SURTIORIENTE CA,0.0,422.35,0.0,422.35,VERIFICADO,C:\Users\Marcos\Mi unidad\FYS\Pagos_procesados\2026-03\WhatsApp Image 2026-03-19 at 10.40.36 AM.jpeg
2026-03,WhatsApp Image 2026-03-19 at 10.40.36 AM.jpeg,2026-03-19,0000004066,ARIANNE SOFIA MORALES HERRERA,0.0,300.0,0.0,300.0,VERIFICADO,C:\Users\Marcos\Mi unidad\FYS\Pagos_procesados\2026-03\WhatsApp Image 2026-03-19 at 10.40.36 AM.jpeg
2026-03,WhatsApp Image 2026-03-19 at 10.40.36 AM.jpeg,2026-03-19,0000004067,"AUTOMERCADO CLASIC URBANEJA, C.A",0.0,283.19,0.0,283.19,VERIFICADO,C:\Users\Marcos\Mi unidad\FYS\Pagos_procesados\2026-03\WhatsApp Image 2026-03-19 at 10.40.36 AM.jpeg
2026-03,WhatsApp Image 2026-03-19 at 10.40.36 AM.jpeg,2026-03-19,0000004068,AUTOMERCADO MIXMARKET CA,0.0,86.2,0.0,86.2,VERIFICADO,C:\Users\Marcos\Mi unidad\FYS\Pagos_procesados\2026-03\WhatsApp Image 2026-03-19 at 10.40.36 AM.jpeg
2026-03,WhatsApp Image 2026-03-19 at 10.40.36 AM.jpeg,2026-03-19,0000004069,"MINI SUPER 2017,C.A.",0.0,10.84,0.0,10.84,VERIFICADO,C:\Users\Marcos\Mi unidad\FYS\Pagos_procesados\2026-03\WhatsApp Image 2026-03-19 at 10.40.36 AM.jpeg
2026-03,WhatsApp Image 2026-03-19 at 10.40.36 AM.jpeg,2026-03-19,0000004070,"PANADERIA Y EXQUISITECES MISS ORIENTAL, C.A",0.0,614.47,0.0,614.47,VERIFICADO,C:\Users\Marcos\Mi unidad\FYS\Pagos_procesados\2026-03\WhatsApp Image 2026-03-19 at 10.40.36 AM.jpeg
2026-03,WhatsApp Image 2026-03-19 at 10.40.36 AM.jpeg,2026-03-19,0000004071,SUPERMERCADO EL ORIENTE DORADO CA,0.0,463.39,0.0,463.39,VERIFICADO,C:\Users\Marcos\Mi unidad\FYS\Pagos_procesados\2026-03\WhatsApp Image 2026-03-19 at 10.40.36 AM.jpeg
2026-03,WhatsApp Image 2026-03-19 at 10.40.36 AM.jpeg,2026-03-19,0000004072,SUPERMERCADO Y CONFITERIA DISNEY,0.0,151.64,0.0,151.64,VERIFICADO,C:\Users\Marcos\Mi unidad\FYS\Pagos_procesados\2026-03\WhatsApp Image 2026-03-19 at 10.40.36 AM.jpeg
2026-03,WhatsApp Image 2026-03-19 at 10.40.36 AM.jpeg,2026-03-19,0000004109,"MINI SUPER 2017,C.A.",0.0,546.14,0.0,546.14,VERIFICADO,C:\Users\Marcos\Mi unidad\FYS\Pagos_procesados\2026-03\WhatsApp Image 2026-03-19 at 10.40.36 AM.jpeg
2026-03,WhatsApp Image 2026-03-20 at 8.55.48 AM.jpeg,2026-03-20,0000004152,"MINI MARKET SUPERGANGA, C.A",0.0,490.09,0.0,490.09,VERIFICADO,C:\Users\Marcos\Mi unidad\FYS\Pagos_procesados\2026-03\WhatsApp Image 2026-03-20 at 8.55.48 AM.jpeg
2026-03,WhatsApp Image 2026-03-20 at 8.55.48 AM.jpeg,2026-03-20,0000004205,"TODO MARKET, C.A.",0.0,1150.7,0.0,1150.7,VERIFICADO,C:\Users\Marcos\Mi unidad\FYS\Pagos_procesados\2026-03\WhatsApp Image 2026-03-20 at 8.55.48 AM.jpeg
2026-03,WhatsApp Image 2026-03-20 at 8.55.48 AM.jpeg,2026-03-20,0000004206,FARMACIAS SUPER FARMA CA,0.0,497.04,0.0,497.04,VERIFICADO,C:\Users\Marcos\Mi unidad\FYS\Pagos_procesados\2026-03\WhatsApp Image 2026-03-20 at 8.55.48 AM.jpeg
2026-03,WhatsApp Image 2026-03-20 at 8.55.48 AM.jpeg,2026-03-20,0000004233,COMERCIALIZADORA PEREDA,0.0,90.0,0.0,90.0,VERIFICADO,C:\Users\Marcos\Mi unidad\FYS\Pagos_procesados\2026-03\WhatsApp Image 2026-03-20 at 8.55.48 AM.jpeg
2026-03,WhatsApp Image 2026-03-20 at 8.55.48 AM.jpeg,2026-03-20,0000004255,ZHENG INVERSIONES SUPERIOR FP,0.0,300.84,0.0,300.84,VERIFICADO,C:\Users\Marcos\Mi unidad\FYS\Pagos_procesados\2026-03\WhatsApp Image 2026-03-20 at 8.55.48 AM.jpeg
2026-03,WhatsApp Image 2026-03-20 at 8.55.48 AM.jpeg,2026-03-20,0000004256,REAL Y MEDIO SUPERMERCADO CA,0.0,383.72,0.0,383.72,VERIFICADO,C:\Users\Marcos\Mi unidad\FYS\Pagos_procesados\2026-03\WhatsApp Image 2026-03-20 at 8.55.48 AM.jpeg
2026-03,WhatsApp Image 2026-03-20 at 8.55.48 AM.jpeg,2026-03-20,0000004262,EL CONDIMENTAZO DEL BOULEVARD CA,0.0,456.95,0.0,456.95,VERIFICADO,C:\Users\Marcos\Mi unidad\FYS\Pagos_procesados\2026-03\WhatsApp Image 2026-03-20 at 8.55.48 AM.jpeg
2026-03,WhatsApp Image 2026-03-20 at 8.55.48 AM.jpeg,2026-03-20,0000004263,CEN SUPER MARKET,0.0,144.7,0.0,144.7,VERIFICADO,C:\Users\Marcos\Mi unidad\FYS\Pagos_procesados\2026-03\WhatsApp Image 2026-03-20 at 8.55.48 AM.jpeg
2026-03,WhatsApp Image 2026-03-20 at 8.55.48 AM.jpeg,2026-03-20,0000004264,ALVAREZ PLAZA MARKET F.P,273.34,0.0,0.0,273.34,VERIFICADO,C:\Users\Marcos\Mi unidad\FYS\Pagos_procesados\2026-03\WhatsApp Image 2026-03-20 at 8.55.48 AM.jpeg
2026-03,WhatsApp Image 2026-03-21 at 8.28.34 AM.jpeg,2026-03-21,0000004273,WU ZEYUAN UNIMERCADO FAVORITO FP,0.0,229.77,0.0,229.77,VERIFICADO,C:\Users\Marcos\Mi unidad\FYS\Pagos_procesados\2026-03\WhatsApp Image 2026-03-21 at 8.28.34 AM.jpeg
2026-03,WhatsApp Image 2026-03-21 at 8.28.34 AM.jpeg,2026-03-21,0000004287,FRIGORIFICOS BRAVOS DELI CA,0.0,86.9,0.0,86.9,VERIFICADO,C:\Users\Marcos\Mi unidad\FYS\Pagos_procesados\2026-03\WhatsApp Image 2026-03-21 at 8.28.34 AM.jpeg
2026-03,WhatsApp Image 2026-03-25 at 9.32.32 AM.jpeg,2026-03-25,0000004348,"FANG KING MARKET F,P",0.0,46.0,0.0,46.0,VERIFICADO,C:\Users\Marcos\Mi unidad\FYS\Pagos_procesados\2026-03\WhatsApp Image 2026-03-25 at 9.32.32 AM.jpeg
2026-03,WhatsApp Image 2026-03-25 at 9.32.32 AM.jpeg,2026-03-25,0000004350,MULTITIENDA BARCELONA C A,0.0,110.43,0.0,110.43,VERIFICADO,C:\Users\Marcos\Mi unidad\FYS\Pagos_procesados\2026-03\WhatsApp Image 2026-03-25 at 9.32.32 AM.jpeg
2026-03,WhatsApp Image 2026-03-25 at 9.32.32 AM.jpeg,2026-03-25,0000004398,LIANG SUPERMERCADO CHAO 88 FP,0.0,696.0,0.0,696.0,VERIFICADO,C:\Users\Marcos\Mi unidad\FYS\Pagos_procesados\2026-03\WhatsApp Image 2026-03-25 at 9.32.32 AM.jpeg
2026-03,WhatsApp Image 2026-03-25 at 9.32.32 AM.jpeg,2026-03-25,0000004399,CHANG SUPERMARKET 29 DE MARZO,0.0,207.57,0.0,207.57,VERIFICADO,C:\Users\Marcos\Mi unidad\FYS\Pagos_procesados\2026-03\WhatsApp Image 2026-03-25 at 9.32.32 AM.jpeg
2026-03,WhatsApp Image 2026-03-25 at 9.32.32 AM.jpeg,2026-03-25,0000004404,VICT LEAND MARKET CA,0.0,475.22,0.0,475.22,VERIFICADO,C:\Users\Marcos\Mi unidad\FYS\Pagos_procesados\2026-03\WhatsApp Image 2026-03-25 at 9.32.32 AM.jpeg
2026-03,WhatsApp Image 2026-03-25 at 9.32.32 AM.jpeg,2026-03-25,0000004456,MULTITIENDA BARCELONA C A,0.0,179.4,0.0,179.4,VERIFICADO,C:\Users\Marcos\Mi unidad\FYS\Pagos_procesados\2026-03\WhatsApp Image 2026-03-25 at 9.32.32 AM.jpeg
2026-03,WhatsApp Image 2026-03-25 at 9.32.32 AM.jpeg,2026-03-25,0000004457,COMERCIAL NUEVA CARACAS 168 C.A,0.0,491.14,0.0,491.14,VERIFICADO,C:\Users\Marcos\Mi unidad\FYS\Pagos_procesados\2026-03\WhatsApp Image 2026-03-25 at 9.32.32 AM.jpeg
2026-03,WhatsApp Image 2026-03-25 at 9.32.32 AM.jpeg,2026-03-25,0000004458,"TODO MARKET, C.A.",0.0,1268.19,0.0,1268.19,VERIFICADO,C:\Users\Marcos\Mi unidad\FYS\Pagos_procesados\2026-03\WhatsApp Image 2026-03-25 at 9.32.32 AM.jpeg
2026-03,WhatsApp Image 2026-03-25 at 9.32.32 AM.jpeg,2026-03-25,0000004500,"DISTRIBUIDORA DE ALIMENTOS TROCAG, C.A",0.0,286.35,0.0,286.35,VERIFICADO,C:\Users\Marcos\Mi unidad\FYS\Pagos_procesados\2026-03\WhatsApp Image 2026-03-25 at 9.32.32 AM.jpeg
2026-03,WhatsApp Image 2026-03-25 at 9.32.32 AM.jpeg,2026-03-25,0000004501,EMPRENDIMIENTO BRICEIDA CERMEÑO,0.0,30.12,0.0,30.12,VERIFICADO,C:\Users\Marcos\Mi unidad\FYS\Pagos_procesados\2026-03\WhatsApp Image 2026-03-25 at 9.32.32 AM.jpeg
2026-03,WhatsApp Image 2026-03-25 at 9.32.32 AM.jpeg,2026-03-25,0000004502,AUTOMERCADO MIXMARKET CA,0.0,76.8,0.0,76.8,VERIFICADO,C:\Users\Marcos\Mi unidad\FYS\Pagos_procesados\2026-03\WhatsApp Image 2026-03-25 at 9.32.32 AM.jpeg
2026-03,WhatsApp Image 2026-03-25 at 9.32.32 AM.jpeg,2026-03-25,0000004503,BOLIVAR INVERSIONES CHADAI FP,0.0,97.38,0.0,97.38,VERIFICADO,C:\Users\Marcos\Mi unidad\FYS\Pagos_procesados\2026-03\WhatsApp Image 2026-03-25 at 9.32.32 AM.jpeg
2026-03,WhatsApp Image 2026-03-25 at 9.32.32 AM.jpeg,2026-03-25,0000004510,BOOM MARKET 2020 CA,0.0,103.52,0.0,103.52,VERIFICADO,C:\Users\Marcos\Mi unidad\FYS\Pagos_procesados\2026-03\WhatsApp Image 2026-03-25 at 9.32.32 AM.jpeg
2026-03,WhatsApp Image 2026-03-25 at 9.32.32 AM.jpeg,2026-03-25,0000004511,"BODEMARKET,C.A",0.0,140.61,0.0,140.61,VERIFICADO,C:\Users\Marcos\Mi unidad\FYS\Pagos_procesados\2026-03\WhatsApp Image 2026-03-25 at 9.32.32 AM.jpeg
2026-03,WhatsApp Image 2026-03-25 at 9.32.32 AM.jpeg,2026-03-25,0000004512,"BODEMARKET,C.A",0.0,101.17,0.0,101.17,VERIFICADO,C:\Users\Marcos\Mi unidad\FYS\Pagos_procesados\2026-03\WhatsApp Image 2026-03-25 at 9.32.32 AM.jpeg
2026-03,WhatsApp Image 2026-03-25 at 9.32.32 AM.jpeg,2026-03-25,0000004513,"BODEMARKET,C.A",0.0,455.39,0.0,455.39,VERIFICADO,C:\Users\Marcos\Mi unidad\FYS\Pagos_procesados\2026-03\WhatsApp Image 2026-03-25 at 9.32.32 AM.jpeg
2026-03,WhatsApp Image 2026-03-25 at 9.32.32 AM.jpeg,2026-03-25,0000004514,AUTOMERCADO PACIFICO,0.0,460.8,0.0,460.8,VERIFICADO,C:\Users\Marcos\Mi unidad\FYS\Pagos_procesados\2026-03\WhatsApp Image 2026-03-25 at 9.32.32 AM.jpeg
2026-03,WhatsApp Image 2026-03-25 at 9.32.32 AM.jpeg,2026-03-25,0000004515,VIVERES ASIA,0.0,94.52,0.0,94.52,VERIFICADO,C:\Users\Marcos\Mi unidad\FYS\Pagos_procesados\2026-03\WhatsApp Image 2026-03-25 at 9.32.32 AM.jpeg
2026-03,WhatsApp Image 2026-03-25 at 9.32.32 AM.jpeg,2026-03-25,0000004516,"THE HAO SUPERMARKET, C.A",0.0,777.6,0.0,777.6,VERIFICADO,C:\Users\Marcos\Mi unidad\FYS\Pagos_procesados\2026-03\WhatsApp Image 2026-03-25 at 9.32.32 AM.jpeg
2026-03,WhatsApp Image 2026-03-25 at 9.32.32 AM.jpeg,2026-03-25,0000004517,ARIANNE SOFIA MORALES HERRERA,0.0,304.46,0.0,304.46,VERIFICADO,C:\Users\Marcos\Mi unidad\FYS\Pagos_procesados\2026-03\WhatsApp Image 2026-03-25 at 9.32.32 AM.jpeg
2026-03,WhatsApp Image 2026-03-25 at 9.32.32 AM.jpeg,2026-03-25,0000004518,HE AUTOMERCADO YIFAN FP,0.0,427.16,0.0,427.16,VERIFICADO,C:\Users\Marcos\Mi unidad\FYS\Pagos_procesados\2026-03\WhatsApp Image 2026-03-25 at 9.32.32 AM.jpeg
2026-03,WhatsApp Image 2026-03-25 at 9.32.32 AM.jpeg,2026-03-25,0000004519,BODEGON EL IMPERIOC A,0.0,219.55,0.0,219.55,VERIFICADO,C:\Users\Marcos\Mi unidad\FYS\Pagos_procesados\2026-03\WhatsApp Image 2026-03-25 at 9.32.32 AM.jpeg
2026-03,WhatsApp Image 2026-03-25 at 9.32.32 AM.jpeg,2026-03-25,0000004520,SUPERCOMBO EXPRESS CA,0.0,795.45,0.0,795.45,VERIFICADO,C:\Users\Marcos\Mi unidad\FYS\Pagos_procesados\2026-03\WhatsApp Image 2026-03-25 at 9.32.32 AM.jpeg
2026-03,WhatsApp Image 2026-03-25 at 9.32.32 AM.jpeg,2026-03-25,0000004521,"DEPOSITADORA GIGANTE, C.A.",0.0,59.65,0.0,59.65,VERIFICADO,C:\Users\Marcos\Mi unidad\FYS\Pagos_procesados\2026-03\WhatsApp Image 2026-03-25 at 9.32.32 AM.jpeg
2026-03,WhatsApp Image 2026-03-26 at 3.20.33 PM.jpeg,2026-03-26,0000004637,SUPERMERCADO BARRIO SUCRE 88 F.P,0.0,77.7,0.0,77.7,VERIFICADO,C:\Users\Marcos\Mi unidad\FYS\Pagos_procesados\2026-03\WhatsApp Image 2026-03-26 at 3.20.33 PM.jpeg
2026-03,WhatsApp Image 2026-03-26 at 3.20.33 PM.jpeg,2026-03-26,0000004657,COSMETICOS POR TODO ZHEN FP,0.0,91.99,0.0,91.99,VERIFICADO,C:\Users\Marcos\Mi unidad\FYS\Pagos_procesados\2026-03\WhatsApp Image 2026-03-26 at 3.20.33 PM.jpeg
2026-03,WhatsApp Image 2026-03-26 at 3.20.33 PM.jpeg,2026-03-26,0000004658,LEYUMIR ELENA HENRIQUEZ LAYA,0.0,119.9,0.0,119.9,VERIFICADO,C:\Users\Marcos\Mi unidad\FYS\Pagos_procesados\2026-03\WhatsApp Image 2026-03-26 at 3.20.33 PM.jpeg
2026-03,WhatsApp Image 2026-03-26 at 3.20.33 PM.jpeg,2026-03-26,0000004659,"MINI SUPER 2017,C.A.",0.0,473.78,0.0,473.78,VERIFICADO,C:\Users\Marcos\Mi unidad\FYS\Pagos_procesados\2026-03\WhatsApp Image 2026-03-26 at 3.20.33 PM.jpeg
2026-03,WhatsApp Image 2026-03-26 at 3.20.33 PM.jpeg,2026-03-26,0000004660,"INVERSIONES NUEVA MIRANDA 88, C. A.",0.0,315.29,0.0,315.29,VERIFICADO,C:\Users\Marcos\Mi unidad\FYS\Pagos_procesados\2026-03\WhatsApp Image 2026-03-26 at 3.20.33 PM.jpeg
2026-03,WhatsApp Image 2026-03-27 at 3.31.28 PM.jpeg,2026-03-27,0000004720,HOT DOGS LA PRINCIPAL CA,0.0,58.0,0.0,58.0,VERIFICADO,C:\Users\Marcos\Mi unidad\FYS\Pagos_procesados\2026-03\WhatsApp Image 2026-03-27 at 3.31.28 PM.jpeg
2026-03,WhatsApp Image 2026-03-27 at 3.31.28 PM.jpeg,2026-03-27,0000004721,PANAD. PAST. CHARCUT. Y BOD. CITY MANZION 95 CA,0.0,369.68,0.0,369.68,VERIFICADO,C:\Users\Marcos\Mi unidad\FYS\Pagos_procesados\2026-03\WhatsApp Image 2026-03-27 at 3.31.28 PM.jpeg
2026-03,WhatsApp Image 2026-03-27 at 3.31.28 PM.jpeg,2026-03-27,0000004762,BAKERY BAO BAO C.A,0.0,54.6,0.0,54.6,VERIFICADO,C:\Users\Marcos\Mi unidad\FYS\Pagos_procesados\2026-03\WhatsApp Image 2026-03-27 at 3.31.28 PM.jpeg
2026-03,WhatsApp Image 2026-03-27 at 3.31.28 PM.jpeg,2026-03-27,0000004763,MARKET LUISAR CA,0.0,100.0,0.0,100.0,VERIFICADO,C:\Users\Marcos\Mi unidad\FYS\Pagos_procesados\2026-03\WhatsApp Image 2026-03-27 at 3.31.28 PM.jpeg
2026-03,WhatsApp Image 2026-03-28 at 8.47.14 AM.jpeg,2026-03-28,0000004793,JOSE EDUARDO FERNANDEZ BORREGO,0.0,99.75,0.0,99.75,VERIFICADO,C:\Users\Marcos\Mi unidad\FYS\Pagos_procesados\2026-03\WhatsApp Image 2026-03-28 at 8.47.14 AM.jpeg
2026-03,WhatsApp Image 2026-03-28 at 8.47.14 AM.jpeg,2026-03-28,0000004794,HOT DOGS LA PRINCIPAL CA,0.0,60.08,0.0,60.08,VERIFICADO,C:\Users\Marcos\Mi unidad\FYS\Pagos_procesados\2026-03\WhatsApp Image 2026-03-28 at 8.47.14 AM.jpeg
2026-03,WhatsApp Image 2026-03-28 at 8.47.14 AM.jpeg,2026-03-28,0000004795,BODEGON EL IMPERIO CA,0.0,78.09,0.0,78.09,VERIFICADO,C:\Users\Marcos\Mi unidad\FYS\Pagos_procesados\2026-03\WhatsApp Image 2026-03-28 at 8.47.14 AM.jpeg
2026-03,WhatsApp Image 2026-03-28 at 8.47.14 AM.jpeg,2026-03-28,0000004800,DISTRIBUIDORA MEGAMAXI C.A,0.0,229.26,0.0,229.26,VERIFICADO,C:\Users\Marcos\Mi unidad\FYS\Pagos_procesados\2026-03\WhatsApp Image 2026-03-28 at 8.47.14 AM.jpeg
2026-03,WhatsApp Image 2026-03-28 at 8.47.14 AM.jpeg,2026-03-28,0000004801,LA FRAGATA EXQUISITECES CA,0.0,32.66,0.0,32.66,VERIFICADO,C:\Users\Marcos\Mi unidad\FYS\Pagos_procesados\2026-03\WhatsApp Image 2026-03-28 at 8.47.14 AM.jpeg
2026-03,WhatsApp Image 2026-03-28 at 8.47.14 AM.jpeg,2026-03-28,0000004802,LA FRAGATA EXQUISITECES CA,0.0,64.15,0.0,64.15,VERIFICADO,C:\Users\Marcos\Mi unidad\FYS\Pagos_procesados\2026-03\WhatsApp Image 2026-03-28 at 8.47.14 AM.jpeg
2026-03,WhatsApp Image 2026-03-28 at 8.47.14 AM.jpeg,2026-03-28,0000004803,TREBOLLS MARKET CA,0.0,502.74,0.0,502.74,VERIFICADO,C:\Users\Marcos\Mi unidad\FYS\Pagos_procesados\2026-03\WhatsApp Image 2026-03-28 at 8.47.14 AM.jpeg
2026-03,WhatsApp Image 2026-03-28 at 8.47.14 AM.jpeg,2026-03-28,0000004856,BODEGON EL IMPERIO CA,0.0,0.0,0.0,0.0,VERIFICADO,C:\Users\Marcos\Mi unidad\FYS\Pagos_procesados\2026-03\WhatsApp Image 2026-03-28 at 8.47.14 AM.jpeg
2026-03,WhatsApp Image 2026-03-28 at 8.47.14 AM.jpeg,2026-03-28,0000004860,SUPERMERCADO BARRIO SUCRE 88 F.P,115.96,0.0,0.0,115.96,VERIFICADO,C:\Users\Marcos\Mi unidad\FYS\Pagos_procesados\2026-03\WhatsApp Image 2026-03-28 at 8.47.14 AM.jpeg
2026-04,WhatsApp Image 2026-04-02 at 8.34.21 AM.jpeg,2026-04-02,0000005110,"BODEMARKET,C.A",0.0,0.0,0.0,0.0,VERIFICADO,C:\Users\Marcos\Mi unidad\FYS\Pagos_procesados\2026-04\WhatsApp Image 2026-04-02 at 8.34.21 AM.jpeg
2026-04,WhatsApp Image 2026-04-02 at 8.34.21 AM.jpeg,2026-04-02,0000005115,BODEGON EL IMPERIO CA,0.0,43.3,0.0,43.3,VERIFICADO,C:\Users\Marcos\Mi unidad\FYS\Pagos_procesados\2026-04\WhatsApp Image 2026-04-02 at 8.34.21 AM.jpeg
2026-04,WhatsApp Image 2026-04-02 at 8.34.21 AM.jpeg,2026-04-02,0000005119,CEN SUPER MARKET,0.0,9.86,0.0,9.86,VERIFICADO,C:\Users\Marcos\Mi unidad\FYS\Pagos_procesados\2026-04\WhatsApp Image 2026-04-02 at 8.34.21 AM.jpeg
2026-04,WhatsApp Image 2026-04-06 at 10.55.21 AM.jpeg,2026-04-06,0000005159,SUPERMERCADO DIECIOCHO,100.0,0.0,0.0,100.0,VERIFICADO,C:\Users\Marcos\Mi unidad\FYS\Pagos_procesados\2026-04\WhatsApp Image 2026-04-06 at 10.55.21 AM.jpeg
2026-04,WhatsApp Image 2026-04-06 at 10.55.21 AM.jpeg,2026-04-06,0000005160,COSMETICOS POR TODO ZHEN FP,0.0,281.72,0.0,281.72,VERIFICADO,C:\Users\Marcos\Mi unidad\FYS\Pagos_procesados\2026-04\WhatsApp Image 2026-04-06 at 10.55.21 AM.jpeg
2026-04,WhatsApp Image 2026-04-08 at 8.40.40 AM.jpeg,2026-04-08,0000005211,"INVERSIONES TIBACUY SINAI F,P",0.0,133.09,0.0,133.09,VERIFICADO,C:\Users\Marcos\Mi unidad\FYS\Pagos_procesados\2026-04\WhatsApp Image 2026-04-08 at 8.40.40 AM.jpeg
2026-04,WhatsApp Image 2026-04-08 at 8.40.40 AM.jpeg,2026-04-08,0000005212,BOLIVAR INVERSIONES CHADAI FP,0.0,157.03,0.0,157.03,VERIFICADO,C:\Users\Marcos\Mi unidad\FYS\Pagos_procesados\2026-04\WhatsApp Image 2026-04-08 at 8.40.40 AM.jpeg
2026-04,WhatsApp Image 2026-04-08 at 8.40.40 AM.jpeg,2026-04-08,0000005213,"COMERCIAL LA CARIDAD BENDITA, C.A",0.0,112.31,0.0,112.31,VERIFICADO,C:\Users\Marcos\Mi unidad\FYS\Pagos_procesados\2026-04\WhatsApp Image 2026-04-08 at 8.40.40 AM.jpeg
2026-04,WhatsApp Image 2026-04-08 at 8.40.40 AM.jpeg,2026-04-08,0000005214,"URANGA INVERSIONES, F.P",0.0,920.88,0.0,920.88,VERIFICADO,C:\Users\Marcos\Mi unidad\FYS\Pagos_procesados\2026-04\WhatsApp Image 2026-04-08 at 8.40.40 AM.jpeg
2026-04,WhatsApp Image 2026-04-08 at 8.40.40 AM.jpeg,2026-04-08,0000005260,AUTOMERCADO PACIFICO,0.0,430.76,0.0,430.76,VERIFICADO,C:\Users\Marcos\Mi unidad\FYS\Pagos_procesados\2026-04\WhatsApp Image 2026-04-08 at 8.40.40 AM.jpeg
2026-04,WhatsApp Image 2026-04-08 at 8.40.40 AM.jpeg,2026-04-08,0000005261,"DEPOSITADORA GIGANTE, C.A.",0.0,143.04,0.0,143.04,VERIFICADO,C:\Users\Marcos\Mi unidad\FYS\Pagos_procesados\2026-04\WhatsApp Image 2026-04-08 at 8.40.40 AM.jpeg
2026-04,WhatsApp Image 2026-04-08 at 8.40.40 AM.jpeg,2026-04-08,0000005262,"MERCATODOS ANZOATEGUI, C.A",0.0,870.43,0.0,870.43,VERIFICADO,C:\Users\Marcos\Mi unidad\FYS\Pagos_procesados\2026-04\WhatsApp Image 2026-04-08 at 8.40.40 AM.jpeg
2026-04,WhatsApp Image 2026-04-08 at 8.40.40 AM.jpeg,2026-04-08,0000005263,"SUPERTODO BOULEVARD, C.A",0.0,340.07,0.0,340.07,VERIFICADO,C:\Users\Marcos\Mi unidad\FYS\Pagos_procesados\2026-04\WhatsApp Image 2026-04-08 at 8.40.40 AM.jpeg
2026-04,WhatsApp Image 2026-04-08 at 8.40.40 AM.jpeg,2026-04-08,0000005264,VIVERES ASIA,0.0,36.69,0.0,36.69,VERIFICADO,C:\Users\Marcos\Mi unidad\FYS\Pagos_procesados\2026-04\WhatsApp Image 2026-04-08 at 8.40.40 AM.jpeg
2026-04,WhatsApp Image 2026-04-08 at 8.40.40 AM.jpeg,2026-04-08,0000005327,"INSIEME, S.A.",0.0,710.37,0.0,710.37,VERIFICADO,C:\Users\Marcos\Mi unidad\FYS\Pagos_procesados\2026-04\WhatsApp Image 2026-04-08 at 8.40.40 AM.jpeg
2026-04,WhatsApp Image 2026-04-08 at 8.40.40 AM.jpeg,2026-04-08,0000005328,"TODO MARKET, C.A.",0.0,166.68,0.0,166.68,VERIFICADO,C:\Users\Marcos\Mi unidad\FYS\Pagos_procesados\2026-04\WhatsApp Image 2026-04-08 at 8.40.40 AM.jpeg
2026-04,WhatsApp Image 2026-04-08 at 8.40.40 AM.jpeg,2026-04-08,0000005329,"INVERSIONES TIBACUY SINAI F,P",0.0,200.0,0.0,200.0,VERIFICADO,C:\Users\Marcos\Mi unidad\FYS\Pagos_procesados\2026-04\WhatsApp Image 2026-04-08 at 8.40.40 AM.jpeg
2026-04,WhatsApp Image 2026-04-08 at 8.40.40 AM.jpeg,2026-04-08,0000005330,"LA BODEGUILLA ANDALUZ, C.A",0.0,1034.82,0.0,1034.82,VERIFICADO,C:\Users\Marcos\Mi unidad\FYS\Pagos_procesados\2026-04\WhatsApp Image 2026-04-08 at 8.40.40 AM.jpeg
2026-04,WhatsApp Image 2026-04-09 at 8.59.03 AM.jpeg,2026-04-09,0000005377,LA FRAGATA EXQUISITECES CA,0.0,70.59,0.0,70.59,VERIFICADO,C:\Users\Marcos\Mi unidad\FYS\Pagos_procesados\2026-04\WhatsApp Image 2026-04-09 at 8.59.03 AM.jpeg
2026-04,WhatsApp Image 2026-04-09 at 8.59.03 AM.jpeg,2026-04-09,0000005378,AUTOMERCADO PACIFICO,0.0,948.85,0.0,948.85,VERIFICADO,C:\Users\Marcos\Mi unidad\FYS\Pagos_procesados\2026-04\WhatsApp Image 2026-04-09 at 8.59.03 AM.jpeg
2026-04,WhatsApp Image 2026-04-09 at 8.59.03 AM.jpeg,2026-04-09,0000005379,"MERCATODOS ANZOATEGUI, C.A",0.0,507.37,0.0,507.37,VERIFICADO,C:\Users\Marcos\Mi unidad\FYS\Pagos_procesados\2026-04\WhatsApp Image 2026-04-09 at 8.59.03 AM.jpeg
2026-04,WhatsApp Image 2026-04-09 at 8.59.03 AM.jpeg,2026-04-09,0000005398,LU COMERCIAL GRAN CASITA FP,0.0,110.27,0.0,110.27,VERIFICADO,C:\Users\Marcos\Mi unidad\FYS\Pagos_procesados\2026-04\WhatsApp Image 2026-04-09 at 8.59.03 AM.jpeg
2026-04,WhatsApp Image 2026-04-09 at 8.59.03 AM.jpeg,2026-04-09,0000005399,GARCIA MINI MARKET CUKYS CAKES FP,0.0,50.05,0.0,50.05,VERIFICADO,C:\Users\Marcos\Mi unidad\FYS\Pagos_procesados\2026-04\WhatsApp Image 2026-04-09 at 8.59.03 AM.jpeg
2026-04,WhatsApp Image 2026-04-09 at 8.59.03 AM.jpeg,2026-04-09,0000005400,"ALIMERKA, C.A.",0.0,232.11,0.0,232.11,VERIFICADO,C:\Users\Marcos\Mi unidad\FYS\Pagos_procesados\2026-04\WhatsApp Image 2026-04-09 at 8.59.03 AM.jpeg
2026-04,WhatsApp Image 2026-04-09 at 8.59.03 AM.jpeg,2026-04-09,0000005401,SUPERMERCADO BARRIO SUCRE 88 F.P,0.0,129.94,0.0,129.94,VERIFICADO,C:\Users\Marcos\Mi unidad\FYS\Pagos_procesados\2026-04\WhatsApp Image 2026-04-09 at 8.59.03 AM.jpeg
2026-04,WhatsApp Image 2026-04-09 at 8.59.03 AM.jpeg,2026-04-09,0000005426,LI SUPER MARKET FP,0.0,1120.44,0.0,1120.44,VERIFICADO,C:\Users\Marcos\Mi unidad\FYS\Pagos_procesados\2026-04\WhatsApp Image 2026-04-09 at 8.59.03 AM.jpeg
2026-04,WhatsApp Image 2026-04-09 at 8.59.03 AM.jpeg,2026-04-09,0000005427,DISTRIBUIDORA MEGAMAXI C.A,0.0,230.38,0.0,230.38,VERIFICADO,C:\Users\Marcos\Mi unidad\FYS\Pagos_procesados\2026-04\WhatsApp Image 2026-04-09 at 8.59.03 AM.jpeg
2026-04,WhatsApp Image 2026-04-10 at 8.31.59 AM.jpeg,2026-04-10,0000005493,CEN BOLIVAR,0.0,120.22,0.0,120.22,VERIFICADO,C:\Users\Marcos\Mi unidad\FYS\Pagos_procesados\2026-04\WhatsApp Image 2026-04-10 at 8.31.59 AM.jpeg
2026-04,WhatsApp Image 2026-04-10 at 8.31.59 AM.jpeg,2026-04-10,0000005476,COMERCIAL EL GRAN MUNDO 888 CA,0.0,509.01,0.0,509.01,VERIFICADO,C:\Users\Marcos\Mi unidad\FYS\Pagos_procesados\2026-04\WhatsApp Image 2026-04-10 at 8.31.59 AM.jpeg
2026-04,WhatsApp Image 2026-04-10 at 8.31.59 AM.jpeg,2026-04-10,0000005500,COMERCIAL EL GRAN MUNDO 888 CA,0.0,104.43,0.0,104.43,VERIFICADO,C:\Users\Marcos\Mi unidad\FYS\Pagos_procesados\2026-04\WhatsApp Image 2026-04-10 at 8.31.59 AM.jpeg
2026-04,WhatsApp Image 2026-04-10 at 8.31.59 AM.jpeg,2026-04-10,0000005471,"DEPOSITADORA GIGANTE, C.A.",0.0,150.15,0.0,150.15,VERIFICADO,C:\Users\Marcos\Mi unidad\FYS\Pagos_procesados\2026-04\WhatsApp Image 2026-04-10 at 8.31.59 AM.jpeg
2026-04,WhatsApp Image 2026-04-10 at 8.31.59 AM.jpeg,2026-04-10,0000005522,"DISTRIBUIDORA CAMINO REAL C Y D, CA",0.0,73.43,0.0,73.43,VERIFICADO,C:\Users\Marcos\Mi unidad\FYS\Pagos_procesados\2026-04\WhatsApp Image 2026-04-10 at 8.31.59 AM.jpeg
2026-04,WhatsApp Image 2026-04-10 at 8.31.59 AM.jpeg,2026-04-10,0000005501,EL BODEGON DE MOREIRA CA,0.0,384.93,0.0,384.93,VERIFICADO,C:\Users\Marcos\Mi unidad\FYS\Pagos_procesados\2026-04\WhatsApp Image 2026-04-10 at 8.31.59 AM.jpeg
2026-04,WhatsApp Image 2026-04-10 at 8.31.59 AM.jpeg,2026-04-10,0000005492,"INVERSIONES F&V 2016, C.A",0.0,137.41,0.0,137.41,VERIFICADO,C:\Users\Marcos\Mi unidad\FYS\Pagos_procesados\2026-04\WhatsApp Image 2026-04-10 at 8.31.59 AM.jpeg
2026-04,WhatsApp Image 2026-04-10 at 8.31.59 AM.jpeg,2026-04-10,0000005502,LA FRAGATA EXQUISITECES CA,0.0,69.56,0.0,69.56,VERIFICADO,C:\Users\Marcos\Mi unidad\FYS\Pagos_procesados\2026-04\WhatsApp Image 2026-04-10 at 8.31.59 AM.jpeg
2026-04,WhatsApp Image 2026-04-10 at 8.31.59 AM.jpeg,2026-04-10,0000005472,VIVERES ASIA,0.0,139.24,0.0,139.24,VERIFICADO,C:\Users\Marcos\Mi unidad\FYS\Pagos_procesados\2026-04\WhatsApp Image 2026-04-10 at 8.31.59 AM.jpeg
2026-04,WhatsApp Image 2026-04-10 at 8.31.59 AM.jpeg,2026-04-10,0000005523,WU COMERCIAL BRISAS DEL MAR M.Y F.P,0.0,141.51,0.0,141.51,VERIFICADO,C:\Users\Marcos\Mi unidad\FYS\Pagos_procesados\2026-04\WhatsApp Image 2026-04-10 at 8.31.59 AM.jpeg
2026-04,WhatsApp Image 2026-04-11 at 12.25.09 PM.jpeg,2026-04-11,0000005553,AUTOMERCADO DAVID FP,0.0,0.0,0.0,0.0,VERIFICADO,C:\Users\Marcos\Mi unidad\FYS\Pagos_procesados\2026-04\WhatsApp Image 2026-04-11 at 12.25.09 PM.jpeg
2026-04,WhatsApp Image 2026-04-11 at 12.25.09 PM.jpeg,2026-04-11,0000005572,PIÑATERIA MCQUEEN 2010 CA,0.0,85.65,0.0,85.65,VERIFICADO,C:\Users\Marcos\Mi unidad\FYS\Pagos_procesados\2026-04\WhatsApp Image 2026-04-11 at 12.25.09 PM.jpeg
2026-04,WhatsApp Image 2026-04-11 at 12.25.09 PM.jpeg,2026-04-11,0000005593,JOSE EDUARDO FERNANDEZ BORREGO,0.0,164.91,0.0,164.91,VERIFICADO,C:\Users\Marcos\Mi unidad\FYS\Pagos_procesados\2026-04\WhatsApp Image 2026-04-11 at 12.25.09 PM.jpeg
2026-04,WhatsApp Image 2026-04-11 at 12.25.09 PM.jpeg,2026-04-11,0000005594,COMERCIAL EL GRAN MUNDO 888 CA,0.0,803.79,0.0,803.79,VERIFICADO,C:\Users\Marcos\Mi unidad\FYS\Pagos_procesados\2026-04\WhatsApp Image 2026-04-11 at 12.25.09 PM.jpeg
2026-04,WhatsApp Image 2026-04-11 at 12.25.09 PM.jpeg,2026-04-11,0000005606,CHACIN MINI ABASTO FP,0.0,414.27,0.0,414.27,VERIFICADO,C:\Users\Marcos\Mi unidad\FYS\Pagos_procesados\2026-04\WhatsApp Image 2026-04-11 at 12.25.09 PM.jpeg
2026-04,WhatsApp Image 2026-04-11 at 12.25.09 PM.jpeg,2026-04-11,0000005613,SUPERMERCADO DIECIOCHO,100.0,0.0,0.0,100.0,VERIFICADO,C:\Users\Marcos\Mi unidad\FYS\Pagos_procesados\2026-04\WhatsApp Image 2026-04-11 at 12.25.09 PM.jpeg
2026-04,WhatsApp Image 2026-04-11 at 12.25.09 PM.jpeg,2026-04-11,0000005614,SUPERMERCADO BARRIO SUCRE 88 F.P,63.15,0.0,0.0,63.15,VERIFICADO,C:\Users\Marcos\Mi unidad\FYS\Pagos_procesados\2026-04\WhatsApp Image 2026-04-11 at 12.25.09 PM.jpeg
2026-04,WhatsApp Image 2026-04-11 at 12.25.09 PM.jpeg,2026-04-11,0000005618,LA FRAGATA EXQUISITECES CA,0.0,0.0,0.0,0.0,VERIFICADO,C:\Users\Marcos\Mi unidad\FYS\Pagos_procesados\2026-04\WhatsApp Image 2026-04-11 at 12.25.09 PM.jpeg
2026-04,WhatsApp Image 2026-04-11 at 12.25.09 PM.jpeg,2026-04-11,0000005622,EMPRENDIMIENTO BRICEIDA CERMEÑO,0.0,0.0,0.0,0.0,VERIFICADO,C:\Users\Marcos\Mi unidad\FYS\Pagos_procesados\2026-04\WhatsApp Image 2026-04-11 at 12.25.09 PM.jpeg
2026-04,WhatsApp Image 2026-04-11 at 12.25.09 PM.jpeg,2026-04-11,0000005623,"MERCATODOS ANZOATEGUI, C.A",0.0,0.0,0.0,0.0,VERIFICADO,C:\Users\Marcos\Mi unidad\FYS\Pagos_procesados\2026-04\WhatsApp Image 2026-04-11 at 12.25.09 PM.jpeg
2026-04,WhatsApp Image 2026-04-14 at 8.58.58 AM.jpeg,2026-04-14,0000005637,FARMACIA JOCARI CA,0.0,47.43,0.0,47.43,VERIFICADO,C:\Users\Marcos\Mi unidad\FYS\Pagos_procesados\2026-04\WhatsApp Image 2026-04-14 at 8.58.58 AM.jpeg
2026-04,WhatsApp Image 2026-04-14 at 8.58.58 AM.jpeg,2026-04-14,0000005652,"FANG KING MARKET F,P",0.0,109.74,0.0,109.74,VERIFICADO,C:\Users\Marcos\Mi unidad\FYS\Pagos_procesados\2026-04\WhatsApp Image 2026-04-14 at 8.58.58 AM.jpeg
2026-04,WhatsApp Image 2026-04-14 at 8.58.58 AM.jpeg,2026-04-14,0000005653,MARKET LUISAR CA,0.0,74.88,0.0,74.88,VERIFICADO,C:\Users\Marcos\Mi unidad\FYS\Pagos_procesados\2026-04\WhatsApp Image 2026-04-14 at 8.58.58 AM.jpeg
2026-04,WhatsApp Image 2026-04-14 at 8.58.58 AM.jpeg,2026-04-14,0000005668,"MINISUPER 2017,C.A.",0.0,199.4,0.0,199.4,VERIFICADO,C:\Users\Marcos\Mi unidad\FYS\Pagos_procesados\2026-04\WhatsApp Image 2026-04-14 at 8.58.58 AM.jpeg
2026-04,WhatsApp Image 2026-04-14 at 8.58.58 AM.jpeg,2026-04-14,0000005669,"PANADERIA Y EXQUISITECES MISS ORIENTAL, C.A",0.0,475.05,0.0,475.05,VERIFICADO,C:\Users\Marcos\Mi unidad\FYS\Pagos_procesados\2026-04\WhatsApp Image 2026-04-14 at 8.58.58 AM.jpeg
2026-04,WhatsApp Image 2026-04-14 at 8.58.58 AM.jpeg,2026-04-14,0000005670,"MINIMARKET MONARCA, C.A.",0.0,55.22,0.0,55.22,VERIFICADO,C:\Users\Marcos\Mi unidad\FYS\Pagos_procesados\2026-04\WhatsApp Image 2026-04-14 at 8.58.58 AM.jpeg
2026-04,WhatsApp Image 2026-04-14 at 8.58.58 AM.jpeg,2026-04-14,0000005700,MERCADO LA FINCA CA,0.0,100.0,0.0,100.0,VERIFICADO,C:\Users\Marcos\Mi unidad\FYS\Pagos_procesados\2026-04\WhatsApp Image 2026-04-14 at 8.58.58 AM.jpeg
2026-04,WhatsApp Image 2026-04-14 at 8.58.58 AM.jpeg,2026-04-14,0000005701,"INVERSIONES JR EL GORDO, C.A",0.0,150.0,0.0,150.0,VERIFICADO,C:\Users\Marcos\Mi unidad\FYS\Pagos_procesados\2026-04\WhatsApp Image 2026-04-14 at 8.58.58 AM.jpeg
2026-04,WhatsApp Image 2026-04-16 at 4.59.34 PM.jpeg,2026-04-16,0000005760,FRIGORIFICOS BRAVOS DELI CA,0.0,143.71,0.0,143.71,VERIFICADO,C:\Users\Marcos\Mi unidad\FYS\Pagos_procesados\2026-04\WhatsApp Image 2026-04-16 at 4.59.34 PM.jpeg
2026-04,WhatsApp Image 2026-04-16 at 4.59.34 PM.jpeg,2026-04-16,0000005761,COMERCIALIZADORA PEREDA,0.0,300.0,0.0,300.0,VERIFICADO,C:\Users\Marcos\Mi unidad\FYS\Pagos_procesados\2026-04\WhatsApp Image 2026-04-16 at 4.59.34 PM.jpeg
2026-04,WhatsApp Image 2026-04-16 at 4.59.34 PM.jpeg,2026-04-16,0000005762,ZHENG INVERSIONES SUPERIOR FP,0.0,532.64,0.0,532.64,VERIFICADO,C:\Users\Marcos\Mi unidad\FYS\Pagos_procesados\2026-04\WhatsApp Image 2026-04-16 at 4.59.34 PM.jpeg
2026-04,WhatsApp Image 2026-04-16 at 4.59.34 PM.jpeg,2026-04-16,0000005763,DISTRIBUIDORA MEGAMAXI C.A,0.0,447.84,0.0,447.84,VERIFICADO,C:\Users\Marcos\Mi unidad\FYS\Pagos_procesados\2026-04\WhatsApp Image 2026-04-16 at 4.59.34 PM.jpeg
2026-04,WhatsApp Image 2026-04-16 at 4.59.34 PM.jpeg,2026-04-16,0000005803,AUTOMERCADO PACIFICO,0.0,1158.28,0.0,1158.28,VERIFICADO,C:\Users\Marcos\Mi unidad\FYS\Pagos_procesados\2026-04\WhatsApp Image 2026-04-16 at 4.59.34 PM.jpeg
2026-04,WhatsApp Image 2026-04-16 at 4.59.34 PM.jpeg,2026-04-16,0000005804,"MINI SUPER 2017,C.A.",0.0,215.97,0.0,215.97,VERIFICADO,C:\Users\Marcos\Mi unidad\FYS\Pagos_procesados\2026-04\WhatsApp Image 2026-04-16 at 4.59.34 PM.jpeg
2026-04,WhatsApp Image 2026-04-16 at 4.59.34 PM.jpeg,2026-04-16,0000005805,"MINI SUPER 2017,C.A.",0.0,655.0,0.0,655.0,VERIFICADO,C:\Users\Marcos\Mi unidad\FYS\Pagos_procesados\2026-04\WhatsApp Image 2026-04-16 at 4.59.34 PM.jpeg
2026-04,WhatsApp Image 2026-04-16 at 4.59.34 PM.jpeg,2026-04-16,0000005806,"PANADERIA Y EXQUISITECES MISS ORIENTAL, C.A",0.0,97.0,0.0,97.0,VERIFICADO,C:\Users\Marcos\Mi unidad\FYS\Pagos_procesados\2026-04\WhatsApp Image 2026-04-16 at 4.59.34 PM.jpeg
2026-04,WhatsApp Image 2026-04-16 at 4.59.34 PM.jpeg,2026-04-16,0000005844,LA REINA DEL FARO 2023C.A,0.0,274.68,0.0,274.68,VERIFICADO,C:\Users\Marcos\Mi unidad\FYS\Pagos_procesados\2026-04\WhatsApp Image 2026-04-16 at 4.59.34 PM.jpeg
2026-04,WhatsApp Image 2026-04-16 at 4.59.34 PM.jpeg,2026-04-16,0000005845,MULTITIENDA BARCELONA C A,0.0,80.92,0.0,80.92,VERIFICADO,C:\Users\Marcos\Mi unidad\FYS\Pagos_procesados\2026-04\WhatsApp Image 2026-04-16 at 4.59.34 PM.jpeg
2026-04,WhatsApp Image 2026-04-16 at 4.59.34 PM.jpeg,2026-04-16,0000005846,MULTITIENDA BARCELONA C A,0.0,4.68,0.0,4.68,VERIFICADO,C:\Users\Marcos\Mi unidad\FYS\Pagos_procesados\2026-04\WhatsApp Image 2026-04-16 at 4.59.34 PM.jpeg
2026-04,WhatsApp Image 2026-04-16 at 4.59.34 PM.jpeg,2026-04-16,0000005875,"AUTOMERCADO CLASIC URBANEJA, C.A",0.0,358.93,0.0,358.93,VERIFICADO,C:\Users\Marcos\Mi unidad\FYS\Pagos_procesados\2026-04\WhatsApp Image 2026-04-16 at 4.59.34 PM.jpeg
2026-04,WhatsApp Image 2026-04-16 at 4.59.34 PM.jpeg,2026-04-16,0000005876,LIELISBETH GABRIELA CORDERO ( CORDERO ALEIRBAG SHOP FP),0.0,76.88,0.0,76.88,VERIFICADO,C:\Users\Marcos\Mi unidad\FYS\Pagos_procesados\2026-04\WhatsApp Image 2026-04-16 at 4.59.34 PM.jpeg
2026-04,WhatsApp Image 2026-04-16 at 4.59.34 PM.jpeg,2026-04-16,0000005895,"BODEMARKET,C.A",0.0,529.07,0.0,529.07,VERIFICADO,C:\Users\Marcos\Mi unidad\FYS\Pagos_procesados\2026-04\WhatsApp Image 2026-04-16 at 4.59.34 PM.jpeg
2026-04,WhatsApp Image 2026-04-16 at 4.59.34 PM.jpeg,2026-04-16,0000005896,BODEGON EL IMPERIOC A,0.0,60.24,0.0,60.24,VERIFICADO,C:\Users\Marcos\Mi unidad\FYS\Pagos_procesados\2026-04\WhatsApp Image 2026-04-16 at 4.59.34 PM.jpeg
2026-04,WhatsApp Image 2026-04-16 at 4.59.34 PM.jpeg,2026-04-16,0000005897,ZHANG ABASTO LA GRAN OFERTA,0.0,137.27,0.0,137.27,VERIFICADO,C:\Users\Marcos\Mi unidad\FYS\Pagos_procesados\2026-04\WhatsApp Image 2026-04-16 at 4.59.34 PM.jpeg
2026-04,WhatsApp Image 2026-04-16 at 4.59.34 PM.jpeg,2026-04-16,0000005898,BOOM MARKET 2020 CA,0.0,180.06,0.0,180.06,VERIFICADO,C:\Users\Marcos\Mi unidad\FYS\Pagos_procesados\2026-04\WhatsApp Image 2026-04-16 at 4.59.34 PM.jpeg
2026-04,WhatsApp Image 2026-04-16 at 4.59.34 PM.jpeg,2026-04-16,0000005907,HIPERMERCADO FAMOSO CA,0.0,438.92,0.0,438.92,VERIFICADO,C:\Users\Marcos\Mi unidad\FYS\Pagos_procesados\2026-04\WhatsApp Image 2026-04-16 at 4.59.34 PM.jpeg
2026-04,WhatsApp Image 2026-04-16 at 4.59.34 PM.jpeg,2026-04-16,0000005908,HIPERMERCADO FAMOSO CA,0.0,250.1,0.0,250.1,VERIFICADO,C:\Users\Marcos\Mi unidad\FYS\Pagos_procesados\2026-04\WhatsApp Image 2026-04-16 at 4.59.34 PM.jpeg
2026-04,WhatsApp Image 2026-04-16 at 4.59.34 PM.jpeg,2026-04-16,0000005910,HIPERMERCADO FAMOSO CA,0.0,684.84,0.0,684.84,VERIFICADO,C:\Users\Marcos\Mi unidad\FYS\Pagos_procesados\2026-04\WhatsApp Image 2026-04-16 at 4.59.34 PM.jpeg
2026-04,WhatsApp Image 2026-04-16 at 4.59.34 PM.jpeg,2026-04-16,0000005911,HIPERMERCADO FAMOSO CA,0.0,727.71,0.0,727.71,VERIFICADO,C:\Users\Marcos\Mi unidad\FYS\Pagos_procesados\2026-04\WhatsApp Image 2026-04-16 at 4.59.34 PM.jpeg
2026-04,WhatsApp Image 2026-04-16 at 4.59.34 PM.jpeg,2026-04-16,0000005912,TREBOLLS MARKET CA,0.0,973.6,0.0,973.6,VERIFICADO,C:\Users\Marcos\Mi unidad\FYS\Pagos_procesados\2026-04\WhatsApp Image 2026-04-16 at 4.59.34 PM.jpeg
2026-04,WhatsApp Image 2026-04-17 at 3.46.17 PM.jpeg,2026-04-17,0000005986,AUTOMERCADO DAVID FP,0.0,248.38,0.0,248.38,VERIFICADO,C:\Users\Marcos\Mi unidad\FYS\Pagos_procesados\2026-04\WhatsApp Image 2026-04-17 at 3.46.17 PM.jpeg
2026-04,WhatsApp Image 2026-04-17 at 3.46.17 PM.jpeg,2026-04-17,0000006002,BAKERY BAO BAO C.A,0.0,285.17,0.0,285.17,VERIFICADO,C:\Users\Marcos\Mi unidad\FYS\Pagos_procesados\2026-04\WhatsApp Image 2026-04-17 at 3.46.17 PM.jpeg
2026-04,WhatsApp Image 2026-04-17 at 3.46.17 PM.jpeg,2026-04-17,0000006001,COMERCIALIZADORA PEREDA,0.0,58.88,0.0,58.88,VERIFICADO,C:\Users\Marcos\Mi unidad\FYS\Pagos_procesados\2026-04\WhatsApp Image 2026-04-17 at 3.46.17 PM.jpeg
2026-04,WhatsApp Image 2026-04-17 at 3.46.17 PM.jpeg,2026-04-17,0000005936,EMPRENDIMIENTO BRICEIDA CERMEÑO,0.0,19.98,0.0,19.98,VERIFICADO,C:\Users\Marcos\Mi unidad\FYS\Pagos_procesados\2026-04\WhatsApp Image 2026-04-17 at 3.46.17 PM.jpeg
2026-04,WhatsApp Image 2026-04-17 at 3.46.17 PM.jpeg,2026-04-17,0000005985,EMPRENDIMIENTO SHADI HAMAD,0.0,53.84,0.0,53.84,VERIFICADO,C:\Users\Marcos\Mi unidad\FYS\Pagos_procesados\2026-04\WhatsApp Image 2026-04-17 at 3.46.17 PM.jpeg
2026-04,WhatsApp Image 2026-04-17 at 3.46.17 PM.jpeg,2026-04-17,0000005937,"INVERSIONES NUEVA MIRANDA 88, C. A",0.0,304.51,0.0,304.51,VERIFICADO,C:\Users\Marcos\Mi unidad\FYS\Pagos_procesados\2026-04\WhatsApp Image 2026-04-17 at 3.46.17 PM.jpeg
2026-04,WhatsApp Image 2026-04-17 at 3.46.17 PM.jpeg,2026-04-17,0000005938,LEYUMIR ELENA HENRIQUEZ LAYA,0.0,88.09,0.0,88.09,VERIFICADO,C:\Users\Marcos\Mi unidad\FYS\Pagos_procesados\2026-04\WhatsApp Image 2026-04-17 at 3.46.17 PM.jpeg
2026-04,WhatsApp Image 2026-04-17 at 3.46.17 PM.jpeg,2026-04-17,0000005984,LIANG SUPERMERCADO CHAO 88 FP,0.0,665.68,0.0,665.68,VERIFICADO,C:\Users\Marcos\Mi unidad\FYS\Pagos_procesados\2026-04\WhatsApp Image 2026-04-17 at 3.46.17 PM.jpeg
2026-04,WhatsApp Image 2026-04-17 at 3.46.17 PM.jpeg,2026-04-17,0000005961,"MINI MARKET SUPERGANGA, C.A",0.0,484.21,0.0,484.21,VERIFICADO,C:\Users\Marcos\Mi unidad\FYS\Pagos_procesados\2026-04\WhatsApp Image 2026-04-17 at 3.46.17 PM.jpeg
2026-04,WhatsApp Image 2026-04-17 at 3.46.17 PM.jpeg,2026-04-17,0000005968,"MINI MARKET SUPERGANGA, C.A",0.0,0.0,0.0,0.0,VERIFICADO,C:\Users\Marcos\Mi unidad\FYS\Pagos_procesados\2026-04\WhatsApp Image 2026-04-17 at 3.46.17 PM.jpeg
2026-04,WhatsApp Image 2026-04-17 at 3.46.17 PM.jpeg,2026-04-17,0000005939,"MINI SUPER 2017,C.A.",0.0,673.69,0.0,673.69,VERIFICADO,C:\Users\Marcos\Mi unidad\FYS\Pagos_procesados\2026-04\WhatsApp Image 2026-04-17 at 3.46.17 PM.jpeg
2026-04,WhatsApp Image 2026-04-17 at 3.46.17 PM.jpeg,2026-04-17,0000005983,SUPERMERCADO DIECIOCHO,0.0,80.0,0.0,80.0,VERIFICADO,C:\Users\Marcos\Mi unidad\FYS\Pagos_procesados\2026-04\WhatsApp Image 2026-04-17 at 3.46.17 PM.jpeg
2026-04,WhatsApp Image 2026-04-17 at 3.46.17 PM.jpeg,2026-04-17,0000005940,SUPERMERCADO EL ORIENTE DORADO CA,0.0,314.16,0.0,314.16,VERIFICADO,C:\Users\Marcos\Mi unidad\FYS\Pagos_procesados\2026-04\WhatsApp Image 2026-04-17 at 3.46.17 PM.jpeg
2026-04,WhatsApp Image 2026-04-17 at 3.46.17 PM.jpeg,2026-04-17,0000005982,SUPERMERCADO EL VINEDO CA,0.0,352.22,0.0,352.22,VERIFICADO,C:\Users\Marcos\Mi unidad\FYS\Pagos_procesados\2026-04\WhatsApp Image 2026-04-17 at 3.46.17 PM.jpeg
2026-04,WhatsApp Image 2026-04-17 at 3.46.17 PM.jpeg,2026-04-17,0000005981,"SUPERTODO BOULEVARD, C.A",0.0,548.98,0.0,548.98,VERIFICADO,C:\Users\Marcos\Mi unidad\FYS\Pagos_procesados\2026-04\WhatsApp Image 2026-04-17 at 3.46.17 PM.jpeg
2026-04,WhatsApp Image 2026-04-21 at 8.44.58 AM.jpeg,2026-04-21,0000006133,SUPERMERCADO BARRIO SUCRE 88 F.P,70.79,0.0,0.0,70.79,VERIFICADO,C:\Users\Marcos\Mi unidad\FYS\Pagos_procesados\2026-04\WhatsApp Image 2026-04-21 at 8.44.58 AM.jpeg
2026-04,WhatsApp Image 2026-04-22 at 9.08.18 AM.jpeg,2026-04-22,0000006162,LA REINA DEL FARO 2023 C.A,0.0,525.32,0.0,525.32,VERIFICADO,C:\Users\Marcos\Mi unidad\FYS\Pagos_procesados\2026-04\WhatsApp Image 2026-04-22 at 9.08.18 AM.jpeg
2026-04,WhatsApp Image 2026-04-22 at 9.08.18 AM.jpeg,2026-04-22,0000006163,MULTITIENDA BARCELONA C A,0.0,169.96,0.0,169.96,VERIFICADO,C:\Users\Marcos\Mi unidad\FYS\Pagos_procesados\2026-04\WhatsApp Image 2026-04-22 at 9.08.18 AM.jpeg
2026-04,WhatsApp Image 2026-04-22 at 9.08.18 AM.jpeg,2026-04-22,0000006192,SUPER CASA WIPI,0.0,262.52,0.0,262.52,VERIFICADO,C:\Users\Marcos\Mi unidad\FYS\Pagos_procesados\2026-04\WhatsApp Image 2026-04-22 at 9.08.18 AM.jpeg
2026-04,WhatsApp Image 2026-04-22 at 9.08.18 AM.jpeg,2026-04-22,0000006193,AUTOMERCADO PACIFICO,0.0,65.89,0.0,65.89,VERIFICADO,C:\Users\Marcos\Mi unidad\FYS\Pagos_procesados\2026-04\WhatsApp Image 2026-04-22 at 9.08.18 AM.jpeg
2026-04,WhatsApp Image 2026-04-22 at 9.08.18 AM.jpeg,2026-04-22,0000006194,HE AUTOMERCADO YIFAN FP,0.0,506.64,0.0,506.64,VERIFICADO,C:\Users\Marcos\Mi unidad\FYS\Pagos_procesados\2026-04\WhatsApp Image 2026-04-22 at 9.08.18 AM.jpeg
2026-04,WhatsApp Image 2026-04-22 at 9.08.18 AM.jpeg,2026-04-22,0000006195,ARIANNE SOFIA MORALES HERRERA,0.0,484.47,0.0,484.47,VERIFICADO,C:\Users\Marcos\Mi unidad\FYS\Pagos_procesados\2026-04\WhatsApp Image 2026-04-22 at 9.08.18 AM.jpeg
2026-04,WhatsApp Image 2026-04-22 at 9.08.18 AM.jpeg,2026-04-22,0000006196,"SUPERTODO BOULEVARD, C.A",0.0,186.3,0.0,186.3,VERIFICADO,C:\Users\Marcos\Mi unidad\FYS\Pagos_procesados\2026-04\WhatsApp Image 2026-04-22 at 9.08.18 AM.jpeg
2026-04,WhatsApp Image 2026-04-22 at 9.08.18 AM.jpeg,2026-04-22,0000006197,WU SUPER TODO FP,0.0,82.9,0.0,82.9,VERIFICADO,C:\Users\Marcos\Mi unidad\FYS\Pagos_procesados\2026-04\WhatsApp Image 2026-04-22 at 9.08.18 AM.jpeg
2026-04,WhatsApp Image 2026-04-22 at 9.08.18 AM.jpeg,2026-04-22,0000006198,VIVERES ASIA,0.0,366.54,0.0,366.54,VERIFICADO,C:\Users\Marcos\Mi unidad\FYS\Pagos_procesados\2026-04\WhatsApp Image 2026-04-22 at 9.08.18 AM.jpeg
2026-04,WhatsApp Image 2026-04-22 at 9.08.18 AM.jpeg,2026-04-22,0000006199,SUPERMERCADO Y CONFITERIA DISNEY,0.0,110.21,0.0,110.21,VERIFICADO,C:\Users\Marcos\Mi unidad\FYS\Pagos_procesados\2026-04\WhatsApp Image 2026-04-22 at 9.08.18 AM.jpeg
2026-04,WhatsApp Image 2026-04-22 at 9.08.18 AM.jpeg,2026-04-22,0000006200,EDWAR RAFAEL GONZALEZ RODRIGUEZ,0.0,154.76,0.0,154.76,VERIFICADO,C:\Users\Marcos\Mi unidad\FYS\Pagos_procesados\2026-04\WhatsApp Image 2026-04-22 at 9.08.18 AM.jpeg
2026-04,WhatsApp Image 2026-04-22 at 9.08.18 AM.jpeg,2026-04-22,0000006201,"PANADERIA Y EXQUISITECES MISS ORIENTAL, C.A",0.0,520.35,0.0,520.35,VERIFICADO,C:\Users\Marcos\Mi unidad\FYS\Pagos_procesados\2026-04\WhatsApp Image 2026-04-22 at 9.08.18 AM.jpeg
2026-04,WhatsApp Image 2026-04-22 at 9.08.18 AM.jpeg,2026-04-22,0000006202,"DEPOSITADORA GIGANTE, C.A.",0.0,61.79,0.0,61.79,VERIFICADO,C:\Users\Marcos\Mi unidad\FYS\Pagos_procesados\2026-04\WhatsApp Image 2026-04-22 at 9.08.18 AM.jpeg
2026-04,WhatsApp Image 2026-04-22 at 9.08.18 AM.jpeg,2026-04-22,0000006253,MARKET LUISAR CA,0.0,100.0,0.0,100.0,VERIFICADO,C:\Users\Marcos\Mi unidad\FYS\Pagos_procesados\2026-04\WhatsApp Image 2026-04-22 at 9.08.18 AM.jpeg
2026-04,WhatsApp Image 2026-04-22 at 9.08.18 AM.jpeg,2026-04-22,0000006254,HOT DOGS LA PRINCIPAL CA,0.0,30.0,0.0,30.0,VERIFICADO,C:\Users\Marcos\Mi unidad\FYS\Pagos_procesados\2026-04\WhatsApp Image 2026-04-22 at 9.08.18 AM.jpeg
2026-04,WhatsApp Image 2026-04-22 at 9.08.18 AM.jpeg,2026-04-22,0000006255,COMERCIALIZADORA PEREDA,0.0,70.0,0.0,70.0,VERIFICADO,C:\Users\Marcos\Mi unidad\FYS\Pagos_procesados\2026-04\WhatsApp Image 2026-04-22 at 9.08.18 AM.jpeg
2026-04,WhatsApp Image 2026-04-22 at 9.08.18 AM.jpeg,2026-04-22,0000006256,DISTRIBUIDORA MEGAMAXI C.A,0.0,461.93,0.0,461.93,VERIFICADO,C:\Users\Marcos\Mi unidad\FYS\Pagos_procesados\2026-04\WhatsApp Image 2026-04-22 at 9.08.18 AM.jpeg
2026-04,WhatsApp Image 2026-04-23 at 11.29.21 AM.jpeg,2026-04-23,0000006315,"INVERSIONES JR EL GORDO, C.A",0.0,100.0,0.0,100.0,VERIFICADO,C:\Users\Marcos\Mi unidad\FYS\Pagos_procesados\2026-04\WhatsApp Image 2026-04-23 at 11.29.21 AM.jpeg
2026-04,WhatsApp Image 2026-04-23 at 11.29.21 AM.jpeg,2026-04-23,0000006332,"DISTRIBUIDORA DE ALIMENTOS TROCAG, C.A",0.0,269.4,0.0,269.4,VERIFICADO,C:\Users\Marcos\Mi unidad\FYS\Pagos_procesados\2026-04\WhatsApp Image 2026-04-23 at 11.29.21 AM.jpeg
2026-04,WhatsApp Image 2026-04-23 at 11.29.21 AM.jpeg,2026-04-23,0000006333,CEN BOLIVAR,0.0,277.12,0.0,277.12,VERIFICADO,C:\Users\Marcos\Mi unidad\FYS\Pagos_procesados\2026-04\WhatsApp Image 2026-04-23 at 11.29.21 AM.jpeg
2026-04,WhatsApp Image 2026-04-23 at 11.29.21 AM.jpeg,2026-04-23,0000006334,EMPRENDIMIENTO BRICEIDA CERMENO,0.0,30.0,0.0,30.0,VERIFICADO,C:\Users\Marcos\Mi unidad\FYS\Pagos_procesados\2026-04\WhatsApp Image 2026-04-23 at 11.29.21 AM.jpeg
2026-04,WhatsApp Image 2026-04-23 at 11.29.21 AM.jpeg,2026-04-23,0000006335,FRESH MARKET C.A.,0.0,448.95,0.0,448.95,VERIFICADO,C:\Users\Marcos\Mi unidad\FYS\Pagos_procesados\2026-04\WhatsApp Image 2026-04-23 at 11.29.21 AM.jpeg
2026-04,WhatsApp Image 2026-04-23 at 11.29.21 AM.jpeg,2026-04-23,0000006336,BOLIVAR INVERSIONES CHADAI FP,0.0,140.64,0.0,140.64,VERIFICADO,C:\Users\Marcos\Mi unidad\FYS\Pagos_procesados\2026-04\WhatsApp Image 2026-04-23 at 11.29.21 AM.jpeg
2026-04,WhatsApp Image 2026-04-23 at 11.29.21 AM.jpeg,2026-04-23,0000006337,AUTO MERCADO UNIOFERTAS CENTER CA,0.0,48.24,0.0,48.24,VERIFICADO,C:\Users\Marcos\Mi unidad\FYS\Pagos_procesados\2026-04\WhatsApp Image 2026-04-23 at 11.29.21 AM.jpeg
2026-04,WhatsApp Image 2026-04-23 at 11.29.21 AM.jpeg,2026-04-23,0000006341,LA FRAGATA EXQUISITECES CA,0.0,366.59,0.0,366.59,VERIFICADO,C:\Users\Marcos\Mi unidad\FYS\Pagos_procesados\2026-04\WhatsApp Image 2026-04-23 at 11.29.21 AM.jpeg
2026-04,WhatsApp Image 2026-04-23 at 11.29.21 AM.jpeg,2026-04-23,0000006343,"MINI SUPER 2017,C.A.",0.0,30.21,0.0,30.21,VERIFICADO,C:\Users\Marcos\Mi unidad\FYS\Pagos_procesados\2026-04\WhatsApp Image 2026-04-23 at 11.29.21 AM.jpeg
2026-04,WhatsApp Image 2026-04-23 at 11.29.21 AM.jpeg,2026-04-23,0000006344,"MINI SUPER 2017,C.A.",0.0,50.75,0.0,50.75,VERIFICADO,C:\Users\Marcos\Mi unidad\FYS\Pagos_procesados\2026-04\WhatsApp Image 2026-04-23 at 11.29.21 AM.jpeg
2026-04,WhatsApp Image 2026-04-23 at 11.29.21 AM.jpeg,2026-04-23,0000006345,WU SUPER ECONOMICA FP,0.0,213.99,0.0,213.99,VERIFICADO,C:\Users\Marcos\Mi unidad\FYS\Pagos_procesados\2026-04\WhatsApp Image 2026-04-23 at 11.29.21 AM.jpeg
2026-04,WhatsApp Image 2026-04-23 at 11.29.21 AM.jpeg,2026-04-23,0000006372,SUPERMERCADO BARRIO SUCRE 88 F.P,0.0,34.18,0.0,34.18,VERIFICADO,C:\Users\Marcos\Mi unidad\FYS\Pagos_procesados\2026-04\WhatsApp Image 2026-04-23 at 11.29.21 AM.jpeg
2026-04,WhatsApp Image 2026-04-23 at 11.29.21 AM.jpeg,2026-04-23,0000006426,COMERCIAL EL GRAN MUNDO 888 CA,0.0,22.45,0.0,22.45,VERIFICADO,C:\Users\Marcos\Mi unidad\FYS\Pagos_procesados\2026-04\WhatsApp Image 2026-04-23 at 11.29.21 AM.jpeg
2026-04,WhatsApp Image 2026-04-23 at 11.29.21 AM.jpeg,2026-04-23,0000006427,"TODO MARKET, C.A.",0.0,2790.8,0.0,2790.8,VERIFICADO,C:\Users\Marcos\Mi unidad\FYS\Pagos_procesados\2026-04\WhatsApp Image 2026-04-23 at 11.29.21 AM.jpeg
2026-04,WhatsApp Image 2026-04-23 at 11.29.21 AM.jpeg,2026-04-23,0000006428,SUPERMERCADO DIECIOCHO,0.0,210.0,0.0,210.0,VERIFICADO,C:\Users\Marcos\Mi unidad\FYS\Pagos_procesados\2026-04\WhatsApp Image 2026-04-23 at 11.29.21 AM.jpeg
2026-04,WhatsApp Image 2026-04-23 at 11.29.21 AM.jpeg,2026-04-23,0000006429,HOT DOGS LA PRINCIPAL CA,0.0,70.58,0.0,70.58,VERIFICADO,C:\Users\Marcos\Mi unidad\FYS\Pagos_procesados\2026-04\WhatsApp Image 2026-04-23 at 11.29.21 AM.jpeg
2026-04,WhatsApp Image 2026-04-24 at 9.13.22 AM.jpeg,2026-04-24,0000006482,ZHENG INVERSIONES SUPERIOR FP,0.0,1270.85,0.0,1270.85,VERIFICADO,C:\Users\Marcos\Mi unidad\FYS\Pagos_procesados\2026-04\WhatsApp Image 2026-04-24 at 9.13.22 AM.jpeg
2026-04,WhatsApp Image 2026-04-24 at 9.13.22 AM.jpeg,2026-04-24,0000006483,RABEEH MUNIB EL HALABI MUSTAFA,0.0,93.74,0.0,93.74,VERIFICADO,C:\Users\Marcos\Mi unidad\FYS\Pagos_procesados\2026-04\WhatsApp Image 2026-04-24 at 9.13.22 AM.jpeg
2026-04,WhatsApp Image 2026-04-24 at 9.13.22 AM.jpeg,2026-04-24,0000006484,LA BODEGUILLA DEL TIO,0.0,210.76,0.0,210.76,VERIFICADO,C:\Users\Marcos\Mi unidad\FYS\Pagos_procesados\2026-04\WhatsApp Image 2026-04-24 at 9.13.22 AM.jpeg
2026-04,WhatsApp Image 2026-04-24 at 9.13.22 AM.jpeg,2026-04-24,0000006485,"URANGA INVERSIONES, F.P",0.0,1232.49,0.0,1232.49,VERIFICADO,C:\Users\Marcos\Mi unidad\FYS\Pagos_procesados\2026-04\WhatsApp Image 2026-04-24 at 9.13.22 AM.jpeg
2026-04,WhatsApp Image 2026-04-24 at 9.13.22 AM.jpeg,2026-04-24,0000006511,ZHENG INVERSIONES SUPERIOR FP,0.0,782.67,0.0,782.67,VERIFICADO,C:\Users\Marcos\Mi unidad\FYS\Pagos_procesados\2026-04\WhatsApp Image 2026-04-24 at 9.13.22 AM.jpeg
2026-04,WhatsApp Image 2026-04-24 at 9.13.22 AM.jpeg,2026-04-24,0000006512,COMERCIAL EL GRAN MUNDO 888 CA,0.0,499.34,0.0,499.34,VERIFICADO,C:\Users\Marcos\Mi unidad\FYS\Pagos_procesados\2026-04\WhatsApp Image 2026-04-24 at 9.13.22 AM.jpeg
2026-04,WhatsApp Image 2026-04-27 at 12.43.48 PM.jpeg,2026-04-27,0000006533,"LA BODEGUILLA ANDALUZ, C.A",0.0,599.99,0.0,599.99,VERIFICADO,C:\Users\Marcos\Mi unidad\FYS\Pagos_procesados\2026-04\WhatsApp Image 2026-04-27 at 12.43.48 PM.jpeg
2026-04,WhatsApp Image 2026-04-27 at 12.43.48 PM.jpeg,2026-04-27,0000006534,HIPER MERCADO COSTCO CA,0.0,1475.7,0.0,1475.7,VERIFICADO,C:\Users\Marcos\Mi unidad\FYS\Pagos_procesados\2026-04\WhatsApp Image 2026-04-27 at 12.43.48 PM.jpeg
2026-04,WhatsApp Image 2026-04-27 at 12.43.48 PM.jpeg,2026-04-27,0000006535,"INVERSIONES NUEVA MIRANDA 88, C. A.",0.0,302.93,0.0,302.93,VERIFICADO,C:\Users\Marcos\Mi unidad\FYS\Pagos_procesados\2026-04\WhatsApp Image 2026-04-27 at 12.43.48 PM.jpeg
2026-04,WhatsApp Image 2026-04-27 at 12.43.48 PM.jpeg,2026-04-27,0000006573,"THE HAO SUPERMARKET, C.A",0.0,969.9,0.0,969.9,VERIFICADO,C:\Users\Marcos\Mi unidad\FYS\Pagos_procesados\2026-04\WhatsApp Image 2026-04-27 at 12.43.48 PM.jpeg
2026-04,WhatsApp Image 2026-04-27 at 12.43.48 PM.jpeg,2026-04-27,0000006574,"MINIMARKET SUPERGANGA, C.A",0.0,419.19,0.0,419.19,VERIFICADO,C:\Users\Marcos\Mi unidad\FYS\Pagos_procesados\2026-04\WhatsApp Image 2026-04-27 at 12.43.48 PM.jpeg
2026-04,WhatsApp Image 2026-04-27 at 12.43.48 PM.jpeg,2026-04-27,0000006575,WU SUPER TODO FP,0.0,317.03,0.0,317.03,VERIFICADO,C:\Users\Marcos\Mi unidad\FYS\Pagos_procesados\2026-04\WhatsApp Image 2026-04-27 at 12.43.48 PM.jpeg
2026-04,WhatsApp Image 2026-04-27 at 12.43.48 PM.jpeg,2026-04-27,0000006576,ZHANG ABASTO LA GRAN OFERTA,0.0,205.74,0.0,205.74,VERIFICADO,C:\Users\Marcos\Mi unidad\FYS\Pagos_procesados\2026-04\WhatsApp Image 2026-04-27 at 12.43.48 PM.jpeg
2026-04,WhatsApp Image 2026-04-27 at 12.43.48 PM.jpeg,2026-04-27,0000006577,LIMEGA PORTELA F.P,0.0,716.21,0.0,716.21,VERIFICADO,C:\Users\Marcos\Mi unidad\FYS\Pagos_procesados\2026-04\WhatsApp Image 2026-04-27 at 12.43.48 PM.jpeg
2026-04,WhatsApp Image 2026-04-27 at 12.43.48 PM.jpeg,2026-04-27,0000006578,DISTRIBUIDORA MEGAMAXI C.A,0.0,41.37,0.0,41.37,VERIFICADO,C:\Users\Marcos\Mi unidad\FYS\Pagos_procesados\2026-04\WhatsApp Image 2026-04-27 at 12.43.48 PM.jpeg
2026-04,WhatsApp Image 2026-04-30 at 8.35.37 AM.jpeg,2026-04-30,0000006643,CEN SUPER MARKET,0.0,379.59,0.0,379.59,SOLO_TOTAL,C:\Users\Marcos\Mi unidad\FYS\Pagos_procesados\2026-04\WhatsApp Image 2026-04-30 at 8.35.37 AM.jpeg
2026-04,WhatsApp Image 2026-04-30 at 8.35.37 AM.jpeg,2026-04-30,0000006644,"LA BODEGUILLA ANDALUZ, C.A",0.0,122.24,0.0,122.24,SOLO_TOTAL,C:\Users\Marcos\Mi unidad\FYS\Pagos_procesados\2026-04\WhatsApp Image 2026-04-30 at 8.35.37 AM.jpeg
2026-04,WhatsApp Image 2026-04-30 at 8.35.37 AM.jpeg,2026-04-30,0000006645,"LA BODEGUILLA ANDALUZ, C.A",0.0,313.25,0.0,313.25,SOLO_TOTAL,C:\Users\Marcos\Mi unidad\FYS\Pagos_procesados\2026-04\WhatsApp Image 2026-04-30 at 8.35.37 AM.jpeg
2026-04,WhatsApp Image 2026-04-30 at 8.35.37 AM.jpeg,2026-04-30,0000006646,"LA BODEGUILLA ANDALUZ, C.A",0.0,177.49,0.0,177.49,SOLO_TOTAL,C:\Users\Marcos\Mi unidad\FYS\Pagos_procesados\2026-04\WhatsApp Image 2026-04-30 at 8.35.37 AM.jpeg
2026-04,WhatsApp Image 2026-04-30 at 8.35.37 AM.jpeg,2026-04-30,0000005647,"MINI SUPER 2017,C.A.",0.0,972.78,0.0,972.78,SOLO_TOTAL,C:\Users\Marcos\Mi unidad\FYS\Pagos_procesados\2026-04\WhatsApp Image 2026-04-30 at 8.35.37 AM.jpeg
2026-04,WhatsApp Image 2026-04-30 at 8.35.37 AM.jpeg,2026-04-30,0000006648,SUPERMERCADO MINGYU CA,0.0,616.21,0.0,616.21,SOLO_TOTAL,C:\Users\Marcos\Mi unidad\FYS\Pagos_procesados\2026-04\WhatsApp Image 2026-04-30 at 8.35.37 AM.jpeg
2026-04,WhatsApp Image 2026-04-30 at 8.35.37 AM.jpeg,2026-04-30,0000006669,AUTOMERCADO PACIFICO,0.0,514.48,0.0,514.48,SOLO_TOTAL,C:\Users\Marcos\Mi unidad\FYS\Pagos_procesados\2026-04\WhatsApp Image 2026-04-30 at 8.35.37 AM.jpeg
2026-04,WhatsApp Image 2026-04-30 at 8.35.37 AM.jpeg,2026-04-30,0000006670,"AUTOMERCADO LOS AMIGOS, C.A",0.0,141.58,0.0,141.58,SOLO_TOTAL,C:\Users\Marcos\Mi unidad\FYS\Pagos_procesados\2026-04\WhatsApp Image 2026-04-30 at 8.35.37 AM.jpeg
2026-04,WhatsApp Image 2026-04-30 at 8.35.37 AM.jpeg,2026-04-30,0000006671,SUPERMERCADO EL VINEDO CA,0.0,316.03,0.0,316.03,SOLO_TOTAL,C:\Users\Marcos\Mi unidad\FYS\Pagos_procesados\2026-04\WhatsApp Image 2026-04-30 at 8.35.37 AM.jpeg
2026-04,WhatsApp Image 2026-04-30 at 8.35.37 AM.jpeg,2026-04-30,0000006672,VIVERES ASIA,0.0,214.0,0.0,214.0,SOLO_TOTAL,C:\Users\Marcos\Mi unidad\FYS\Pagos_procesados\2026-04\WhatsApp Image 2026-04-30 at 8.35.37 AM.jpeg
2026-04,WhatsApp Image 2026-04-30 at 8.35.37 AM.jpeg,2026-04-30,0000006673,VIVERES ASIA,0.0,213.42,0.0,213.42,SOLO_TOTAL,C:\Users\Marcos\Mi unidad\FYS\Pagos_procesados\2026-04\WhatsApp Image 2026-04-30 at 8.35.37 AM.jpeg
2026-04,WhatsApp Image 2026-04-30 at 8.35.37 AM.jpeg,2026-04-30,0000006772,JOSE EDUARDO FERNANDEZ BORREGO,0.0,50.05,0.0,50.05,SOLO_TOTAL,C:\Users\Marcos\Mi unidad\FYS\Pagos_procesados\2026-04\WhatsApp Image 2026-04-30 at 8.35.37 AM.jpeg
2026-04,WhatsApp Image 2026-04-30 at 8.35.37 AM.jpeg,2026-04-30,0000006773,"INVERSIONES TIBACUY SINAI F,P",0.0,800.0,0.0,800.0,SOLO_TOTAL,C:\Users\Marcos\Mi unidad\FYS\Pagos_procesados\2026-04\WhatsApp Image 2026-04-30 at 8.35.37 AM.jpeg
2026-04,WhatsApp Image 2026-04-30 at 8.35.37 AM.jpeg,2026-04-30,0000006774,"INSIEME, S.A.",0.0,580.53,0.0,580.53,SOLO_TOTAL,C:\Users\Marcos\Mi unidad\FYS\Pagos_procesados\2026-04\WhatsApp Image 2026-04-30 at 8.35.37 AM.jpeg
2026-04,WhatsApp Image 2026-04-30 at 8.35.37 AM.jpeg,2026-04-30,0000006775,COMERCIAL NUEVA CARACAS 168 C.A,0.0,556.97,0.0,556.97,SOLO_TOTAL,C:\Users\Marcos\Mi unidad\FYS\Pagos_procesados\2026-04\WhatsApp Image 2026-04-30 at 8.35.37 AM.jpeg
2026-04,WhatsApp Image 2026-04-30 at 8.35.37 AM.jpeg,2026-04-30,0000006776,COMERCIALIZADORA PEREDA,0.0,80.0,0.0,80.0,SOLO_TOTAL,C:\Users\Marcos\Mi unidad\FYS\Pagos_procesados\2026-04\WhatsApp Image 2026-04-30 at 8.35.37 AM.jpeg
2026-04,WhatsApp Image 2026-04-30 at 8.35.37 AM.jpeg,2026-04-30,0000006552,JOSE EDUARDO FERNANDEZ BORREGO,0.0,50.36,0.0,50.36,SOLO_TOTAL,C:\Users\Marcos\Mi unidad\FYS\Pagos_procesados\2026-04\WhatsApp Image 2026-04-30 at 8.35.37 AM.jpeg
2026-04,WhatsApp Image 2026-04-30 at 8.35.37 AM.jpeg,2026-04-30,0000006853,LA TURCA 1CA,0.0,143.66,0.0,143.66,SOLO_TOTAL,C:\Users\Marcos\Mi unidad\FYS\Pagos_procesados\2026-04\WhatsApp Image 2026-04-30 at 8.35.37 AM.jpeg
2026-04,WhatsApp Image 2026-04-30 at 8.35.37 AM.jpeg,2026-04-30,0000006554,"INVERSIONES TIBACUY SINAI F,P",0.0,245.12,0.0,245.12,SOLO_TOTAL,C:\Users\Marcos\Mi unidad\FYS\Pagos_procesados\2026-04\WhatsApp Image 2026-04-30 at 8.35.37 AM.jpeg
2026-04,WhatsApp Image 2026-04-30 at 8.35.37 AM.jpeg,2026-04-30,0000006652,PANAD. PAST. CHARCUT. Y BOD. CITY MANZION 95 CA,0.0,656.95,0.0,656.95,SOLO_TOTAL,C:\Users\Marcos\Mi unidad\FYS\Pagos_procesados\2026-04\WhatsApp Image 2026-04-30 at 8.35.37 AM.jpeg
2026-04,WhatsApp Image 2026-04-30 at 8.35.37 AM.jpeg,2026-04-30,0000006883,BODEGON EL IMPERIO CA,0.0,126.25,0.0,126.25,SOLO_TOTAL,C:\Users\Marcos\Mi unidad\FYS\Pagos_procesados\2026-04\WhatsApp Image 2026-04-30 at 8.35.37 AM.jpeg
2026-04,WhatsApp Image 2026-04-30 at 8.35.37 AM.jpeg,2026-04-30,0000006554,AUTOMERCADO TANG 688 F.P,0.0,179.73,0.0,179.73,SOLO_TOTAL,C:\Users\Marcos\Mi unidad\FYS\Pagos_procesados\2026-04\WhatsApp Image 2026-04-30 at 8.35.37 AM.jpeg
2026-04,WhatsApp Image 2026-04-30 at 8.35.37 AM.jpeg,2026-04-30,0000006885,MULTITIENDA BARCELONA CA,0.0,117.42,0.0,117.42,SOLO_TOTAL,C:\Users\Marcos\Mi unidad\FYS\Pagos_procesados\2026-04\WhatsApp Image 2026-04-30 at 8.35.37 AM.jpeg
2026-04,WhatsApp Image 2026-04-30 at 8.35.37 AM.jpeg,2026-04-30,0000006911,AUTOMERCADO PACIFICO,0.0,547.08,0.0,547.08,SOLO_TOTAL,C:\Users\Marcos\Mi unidad\FYS\Pagos_procesados\2026-04\WhatsApp Image 2026-04-30 at 8.35.37 AM.jpeg
2026-04,WhatsApp Image 2026-04-30 at 8.35.37 AM.jpeg,2026-04-30,0000006912,CEN BOLIVAR,0.0,173.97,0.0,173.97,SOLO_TOTAL,C:\Users\Marcos\Mi unidad\FYS\Pagos_procesados\2026-04\WhatsApp Image 2026-04-30 at 8.35.37 AM.jpeg
2026-04,WhatsApp Image 2026-04-30 at 8.35.37 AM.jpeg,2026-04-30,0000006913,GARCIA MINI MARKET CUKYS CAKES FP,0.0,34.21,0.0,34.21,SOLO_TOTAL,C:\Users\Marcos\Mi unidad\FYS\Pagos_procesados\2026-04\WhatsApp Image 2026-04-30 at 8.35.37 AM.jpeg
2026-04,WhatsApp Image 2026-04-30 at 8.35.37 AM.jpeg,2026-04-30,0000006914,DISTRIBUIDORA MEGAMAXI C.A,0.0,221.17,0.0,221.17,SOLO_TOTAL,C:\Users\Marcos\Mi unidad\FYS\Pagos_procesados\2026-04\WhatsApp Image 2026-04-30 at 8.35.37 AM.jpeg
2026-04,WhatsApp Image 2026-04-30 at 8.35.37 AM.jpeg,2026-04-30,0000006915,"INVERSIONES F&V 2016, C.A",0.0,100.18,0.0,100.18,SOLO_TOTAL,C:\Users\Marcos\Mi unidad\FYS\Pagos_procesados\2026-04\WhatsApp Image 2026-04-30 at 8.35.37 AM.jpeg
2026-04,WhatsApp Image 2026-04-30 at 8.35.37 AM.jpeg,2026-04-30,0000006938,PANAD. PAST. CHARCUT. Y BOD. CITY MANZION 95 CA,0.0,0.0,0.0,0.0,SOLO_TOTAL,C:\Users\Marcos\Mi unidad\FYS\Pagos_procesados\2026-04\WhatsApp Image 2026-04-30 at 8.35.37 AM.jpeg
2026-04,WhatsApp Image 2026-04-30 at 8.46.43 AM.jpeg,2026-04-30,0000006022,CEN BOLIVAR,0.0,90.11,0.0,90.11,VERIFICADO,C:\Users\Marcos\Mi unidad\FYS\Pagos_procesados\2026-04\WhatsApp Image 2026-04-30 at 8.46.43 AM.jpeg
2026-04,WhatsApp Image 2026-04-30 at 8.46.43 AM.jpeg,2026-04-30,0000006044,MARKET LUISAR CA,0.0,100.0,0.0,100.0,VERIFICADO,C:\Users\Marcos\Mi unidad\FYS\Pagos_procesados\2026-04\WhatsApp Image 2026-04-30 at 8.46.43 AM.jpeg
2026-04,WhatsApp Image 2026-04-30 at 8.46.43 AM.jpeg,2026-04-30,0000006056,EXQUISITECES BRILL CA,11.86,0.0,0.0,11.86,VERIFICADO,C:\Users\Marcos\Mi unidad\FYS\Pagos_procesados\2026-04\WhatsApp Image 2026-04-30 at 8.46.43 AM.jpeg
2026-04,WhatsApp Image 2026-04-30 at 8.46.43 AM.jpeg,2026-04-30,0000006057,LA FRAGATA EXQUISITECES CA,1.32,0.0,0.0,1.32,VERIFICADO,C:\Users\Marcos\Mi unidad\FYS\Pagos_procesados\2026-04\WhatsApp Image 2026-04-30 at 8.46.43 AM.jpeg
2026-05,WhatsApp Image 2026-05-01 at 4.26.35 PM.jpeg,2026-05-01,0000006952,ZHENG INVERSIONES SUPERIOR FP,0.0,717.06,0.0,717.06,SOLO_TOTAL,C:\Users\Marcos\Mi unidad\FYS\Pagos_procesados\2026-05\WhatsApp Image 2026-05-01 at 4.26.35 PM.jpeg
2026-05,WhatsApp Image 2026-05-01 at 4.26.35 PM.jpeg,2026-05-01,0000006953,COMERCIAL NUEVA CARACAS 168 C.A,0.0,116.66,0.0,116.66,SOLO_TOTAL,C:\Users\Marcos\Mi unidad\FYS\Pagos_procesados\2026-05\WhatsApp Image 2026-05-01 at 4.26.35 PM.jpeg
2026-05,WhatsApp Image 2026-05-01 at 4.26.35 PM.jpeg,2026-05-01,0000006954,LATURCA1 CA,0.0,78.27,0.0,78.27,SOLO_TOTAL,C:\Users\Marcos\Mi unidad\FYS\Pagos_procesados\2026-05\WhatsApp Image 2026-05-01 at 4.26.35 PM.jpeg
2026-05,WhatsApp Image 2026-05-01 at 4.26.35 PM.jpeg,2026-05-01,0000006981,"BODEMARKET,C.A",0.0,508.69,0.0,508.69,SOLO_TOTAL,C:\Users\Marcos\Mi unidad\FYS\Pagos_procesados\2026-05\WhatsApp Image 2026-05-01 at 4.26.35 PM.jpeg
2026-05,WhatsApp Image 2026-05-01 at 4.26.35 PM.jpeg,2026-05-01,0000006982,"AUTOMERCADO Y PANADERIA LA NARANJA, C. A.",0.0,106.95,0.0,106.95,SOLO_TOTAL,C:\Users\Marcos\Mi unidad\FYS\Pagos_procesados\2026-05\WhatsApp Image 2026-05-01 at 4.26.35 PM.jpeg
2026-05,WhatsApp Image 2026-05-01 at 4.26.35 PM.jpeg,2026-05-01,0000006995,SUPERMERCADO BARRIO SUCRE 88 F.P,0.0,76.22,0.0,76.22,SOLO_TOTAL,C:\Users\Marcos\Mi unidad\FYS\Pagos_procesados\2026-05\WhatsApp Image 2026-05-01 at 4.26.35 PM.jpeg
2026-05,WhatsApp Image 2026-05-02 at 8.17.06 AM.jpeg,2026-05-02,0000007039,BODEGON EL IMPERIO C A,0.0,86.71,0.0,86.71,SOLO_TOTAL,C:\Users\Marcos\Mi unidad\FYS\Pagos_procesados\2026-05\WhatsApp Image 2026-05-02 at 8.17.06 AM.jpeg
2026-05,WhatsApp Image 2026-05-02 at 8.17.06 AM.jpeg,2026-05-02,0000007040,"INVERSIONES JR EL GORDO, C.A",0.0,100.0,0.0,100.0,SOLO_TOTAL,C:\Users\Marcos\Mi unidad\FYS\Pagos_procesados\2026-05\WhatsApp Image 2026-05-02 at 8.17.06 AM.jpeg
2026-05,WhatsApp Image 2026-05-02 at 8.17.06 AM.jpeg,2026-05-02,0000007041,DISTRIBUIDORA MEGAMAXI C.A,0.0,199.26,0.0,199.26,SOLO_TOTAL,C:\Users\Marcos\Mi unidad\FYS\Pagos_procesados\2026-05\WhatsApp Image 2026-05-02 at 8.17.06 AM.jpeg
2026-05,WhatsApp Image 2026-05-02 at 8.17.06 AM.jpeg,2026-05-02,0000007062,"AUTOMERCADO LOS AMIGOS, C.A",0.0,102.82,0.0,102.82,SOLO_TOTAL,C:\Users\Marcos\Mi unidad\FYS\Pagos_procesados\2026-05\WhatsApp Image 2026-05-02 at 8.17.06 AM.jpeg
2026-05,WhatsApp Image 2026-05-02 at 8.17.06 AM.jpeg,2026-05-02,0000007063,COMERCIAL NUEVA CARACAS 168 C.A,0.0,174.83,0.0,174.83,SOLO_TOTAL,C:\Users\Marcos\Mi unidad\FYS\Pagos_procesados\2026-05\WhatsApp Image 2026-05-02 at 8.17.06 AM.jpeg
2026-05,WhatsApp Image 2026-05-02 at 8.17.06 AM.jpeg,2026-05-02,0000007064,EL GRAN CENTURION 2021 CA,0.0,275.93,0.0,275.93,SOLO_TOTAL,C:\Users\Marcos\Mi unidad\FYS\Pagos_procesados\2026-05\WhatsApp Image 2026-05-02 at 8.17.06 AM.jpeg
2026-05,WhatsApp Image 2026-05-02 at 8.17.06 AM.jpeg,2026-05-02,0000007065,SUPERMERCADO EL ORIENTE DORADO CA,0.0,643.81,0.0,643.81,SOLO_TOTAL,C:\Users\Marcos\Mi unidad\FYS\Pagos_procesados\2026-05\WhatsApp Image 2026-05-02 at 8.17.06 AM.jpeg
2026-05,WhatsApp Image 2026-05-04 at 8.40.19 AM.jpeg,2026-05-04,0000007110,NG DARLI MUNDO FP,0.0,1054.99,0.0,1054.99,VERIFICADO,C:\Users\Marcos\Mi unidad\FYS\Pagos_procesados\2026-05\WhatsApp Image 2026-05-04 at 8.40.19 AM.jpeg
2026-05,WhatsApp Image 2026-05-04 at 8.40.19 AM.jpeg,2026-05-04,0000007115,SUPERMERCADO BARRIO SUCRE 88 F.P,61.88,0.0,0.0,61.88,VERIFICADO,C:\Users\Marcos\Mi unidad\FYS\Pagos_procesados\2026-05\WhatsApp Image 2026-05-04 at 8.40.19 AM.jpeg
2026-05,WhatsApp Image 2026-05-05 at 11.22.44 AM.jpeg,2026-05-05,0000007121,CEN SUPER MARKET,0.0,576.98,0.0,576.98,VERIFICADO,C:\Users\Marcos\Mi unidad\FYS\Pagos_procesados\2026-05\WhatsApp Image 2026-05-05 at 11.22.44 AM.jpeg
2026-05,WhatsApp Image 2026-05-05 at 11.22.44 AM.jpeg,2026-05-05,0000007122,"MINI SUPER 2017,C.A.",0.0,626.21,0.0,626.21,VERIFICADO,C:\Users\Marcos\Mi unidad\FYS\Pagos_procesados\2026-05\WhatsApp Image 2026-05-05 at 11.22.44 AM.jpeg
2026-05,WhatsApp Image 2026-05-05 at 11.22.44 AM.jpeg,2026-05-05,0000007127,"DEPOSITADORA GIGANTE, C.A.",0.0,98.35,0.0,98.35,VERIFICADO,C:\Users\Marcos\Mi unidad\FYS\Pagos_procesados\2026-05\WhatsApp Image 2026-05-05 at 11.22.44 AM.jpeg
2026-05,WhatsApp Image 2026-05-06 at 3.58.23 PM.jpeg,2026-05-06,0000007222,REAL Y MEDIO SUPERMERCADO CA,0.0,1552.2,0.0,1552.2,VERIFICADO,C:\Users\Marcos\Mi unidad\FYS\Pagos_procesados\2026-05\WhatsApp Image 2026-05-06 at 3.58.23 PM.jpeg
2026-05,WhatsApp Image 2026-05-06 at 3.58.23 PM.jpeg,2026-05-06,0000007223,"INSIEME, S.A.",0.0,310.05,0.0,310.05,VERIFICADO,C:\Users\Marcos\Mi unidad\FYS\Pagos_procesados\2026-05\WhatsApp Image 2026-05-06 at 3.58.23 PM.jpeg
2026-05,WhatsApp Image 2026-05-06 at 3.58.23 PM.jpeg,2026-05-06,0000007224,"URANGA INVERSIONES, F.P",0.0,735.43,0.0,735.43,VERIFICADO,C:\Users\Marcos\Mi unidad\FYS\Pagos_procesados\2026-05\WhatsApp Image 2026-05-06 at 3.58.23 PM.jpeg
2026-05,WhatsApp Image 2026-05-06 at 3.58.23 PM.jpeg,2026-05-06,0000007225,COMERCIAL EL GRAN MUNDO 888 CA,0.0,223.71,0.0,223.71,VERIFICADO,C:\Users\Marcos\Mi unidad\FYS\Pagos_procesados\2026-05\WhatsApp Image 2026-05-06 at 3.58.23 PM.jpeg
2026-05,WhatsApp Image 2026-05-06 at 3.58.23 PM.jpeg,2026-05-06,0000007295,AUTOMERCADO PACIFICO,0.0,279.11,0.0,279.11,VERIFICADO,C:\Users\Marcos\Mi unidad\FYS\Pagos_procesados\2026-05\WhatsApp Image 2026-05-06 at 3.58.23 PM.jpeg
2026-05,WhatsApp Image 2026-05-06 at 3.58.23 PM.jpeg,2026-05-06,0000007296,VIVERES ASIA,0.0,68.02,0.0,68.02,VERIFICADO,C:\Users\Marcos\Mi unidad\FYS\Pagos_procesados\2026-05\WhatsApp Image 2026-05-06 at 3.58.23 PM.jpeg
2026-05,WhatsApp Image 2026-05-06 at 3.58.23 PM.jpeg,2026-05-06,0000007297,LI MEGA PORTELA F.P,0.0,1136.6,0.0,1136.6,VERIFICADO,C:\Users\Marcos\Mi unidad\FYS\Pagos_procesados\2026-05\WhatsApp Image 2026-05-06 at 3.58.23 PM.jpeg
2026-05,WhatsApp Image 2026-05-06 at 3.58.23 PM.jpeg,2026-05-06,0000007298,BAKERY BAO BAO C.A,0.0,325.63,0.0,325.63,VERIFICADO,C:\Users\Marcos\Mi unidad\FYS\Pagos_procesados\2026-05\WhatsApp Image 2026-05-06 at 3.58.23 PM.jpeg
2026-05,WhatsApp Image 2026-05-06 at 3.58.23 PM.jpeg,2026-05-06,0000007299,SUPERMERCADO DIECIOCHO,0.0,151.63,0.0,151.63,VERIFICADO,C:\Users\Marcos\Mi unidad\FYS\Pagos_procesados\2026-05\WhatsApp Image 2026-05-06 at 3.58.23 PM.jpeg
2026-05,WhatsApp Image 2026-05-06 at 3.58.23 PM.jpeg,2026-05-06,0000007300,"SUPERTODO BOULEVARD, C.A",0.0,158.01,0.0,158.01,VERIFICADO,C:\Users\Marcos\Mi unidad\FYS\Pagos_procesados\2026-05\WhatsApp Image 2026-05-06 at 3.58.23 PM.jpeg
2026-05,WhatsApp Image 2026-05-06 at 3.58.23 PM.jpeg,2026-05-06,0000007301,"SUPERTODO BOULEVARD, C.A",0.0,657.45,0.0,657.45,VERIFICADO,C:\Users\Marcos\Mi unidad\FYS\Pagos_procesados\2026-05\WhatsApp Image 2026-05-06 at 3.58.23 PM.jpeg
2026-05,WhatsApp Image 2026-05-07 at 8.44.23 AM.jpeg,2026-05-07,0000007345,MARKET LUISAR CA,0.0,100.0,0.0,100.0,VERIFICADO,C:\Users\Marcos\Mi unidad\FYS\Pagos_procesados\2026-05\WhatsApp Image 2026-05-07 at 8.44.23 AM.jpeg
2026-05,WhatsApp Image 2026-05-07 at 8.44.23 AM.jpeg,2026-05-07,0000007390,"AUTOMERCADO LOS AMIGOS, C.A",0.0,149.79,0.0,149.79,VERIFICADO,C:\Users\Marcos\Mi unidad\FYS\Pagos_procesados\2026-05\WhatsApp Image 2026-05-07 at 8.44.23 AM.jpeg
2026-05,WhatsApp Image 2026-05-07 at 8.44.23 AM.jpeg,2026-05-07,0000007391,COMERCIAL EL GRAN MUNDO 888 CA,0.0,221.88,0.0,221.88,VERIFICADO,C:\Users\Marcos\Mi unidad\FYS\Pagos_procesados\2026-05\WhatsApp Image 2026-05-07 at 8.44.23 AM.jpeg
2026-05,WhatsApp Image 2026-05-07 at 8.44.23 AM.jpeg,2026-05-07,0000007392,EMPRENDIMIENTO BRICEIDA CERMEÑO,0.0,30.15,0.0,30.15,VERIFICADO,C:\Users\Marcos\Mi unidad\FYS\Pagos_procesados\2026-05\WhatsApp Image 2026-05-07 at 8.44.23 AM.jpeg
2026-05,WhatsApp Image 2026-05-07 at 8.44.23 AM.jpeg,2026-05-07,0000007393,LU COMERCIAL GRAN CASITA FP,0.0,200.7,0.0,200.7,VERIFICADO,C:\Users\Marcos\Mi unidad\FYS\Pagos_procesados\2026-05\WhatsApp Image 2026-05-07 at 8.44.23 AM.jpeg
2026-05,WhatsApp Image 2026-05-07 at 8.44.23 AM.jpeg,2026-05-07,0000007394,SUPERMERCADO BARRIO SUCRE 88 F.P,0.0,91.42,0.0,91.42,VERIFICADO,C:\Users\Marcos\Mi unidad\FYS\Pagos_procesados\2026-05\WhatsApp Image 2026-05-07 at 8.44.23 AM.jpeg
2026-05,WhatsApp Image 2026-05-07 at 8.44.23 AM.jpeg,2026-05-07,0000007395,WU SUPER TODO FP,0.0,54.71,0.0,54.71,VERIFICADO,C:\Users\Marcos\Mi unidad\FYS\Pagos_procesados\2026-05\WhatsApp Image 2026-05-07 at 8.44.23 AM.jpeg
2026-05,WhatsApp Image 2026-05-07 at 8.44.23 AM.jpeg,2026-05-07,0000007396,WU SUPER TODO FP,0.0,316.03,0.0,316.03,VERIFICADO,C:\Users\Marcos\Mi unidad\FYS\Pagos_procesados\2026-05\WhatsApp Image 2026-05-07 at 8.44.23 AM.jpeg
2026-05,WhatsApp Image 2026-05-08 at 3.48.21 PM.jpeg,2026-05-08,0000007526,CEN BOLIVAR,0.0,276.04,0.0,276.04,VERIFICADO,C:\Users\Marcos\Mi unidad\FYS\Pagos_procesados\2026-05\WhatsApp Image 2026-05-08 at 3.48.21 PM.jpeg
2026-05,WhatsApp Image 2026-05-08 at 3.48.21 PM.jpeg,2026-05-08,0000007525,EMPRENDIMIENTO BRICEIDA CERMEÑO,0.0,30.0,0.0,30.0,VERIFICADO,C:\Users\Marcos\Mi unidad\FYS\Pagos_procesados\2026-05\WhatsApp Image 2026-05-08 at 3.48.21 PM.jpeg
2026-05,WhatsApp Image 2026-05-08 at 3.48.21 PM.jpeg,2026-05-08,0000007467,"URANGA INVERSIONES, F.P",0.0,221.22,0.0,221.22,VERIFICADO,C:\Users\Marcos\Mi unidad\FYS\Pagos_procesados\2026-05\WhatsApp Image 2026-05-08 at 3.48.21 PM.jpeg
2026-05,WhatsApp Image 2026-05-08 at 3.48.21 PM.jpeg,2026-05-08,0000007468,ZHENG INVERSIONES SUPERIOR FP,0.0,41.43,0.0,41.43,VERIFICADO,C:\Users\Marcos\Mi unidad\FYS\Pagos_procesados\2026-05\WhatsApp Image 2026-05-08 at 3.48.21 PM.jpeg
2026-05,WhatsApp Image 2026-05-09 at 8.36.37 AM.jpeg,2026-05-09,0000007595,"AUTOMERCADO Y PANADERIA LA NARANJA, C. A.",0.0,100.0,0.0,100.0,VERIFICADO,C:\Users\Marcos\Mi unidad\FYS\Pagos_procesados\2026-05\WhatsApp Image 2026-05-09 at 8.36.37 AM.jpeg
2026-05,WhatsApp Image 2026-05-09 at 8.36.37 AM.jpeg,2026-05-09,0000007560,"FANG KING MARKET F,P",0.0,92.69,0.0,92.69,VERIFICADO,C:\Users\Marcos\Mi unidad\FYS\Pagos_procesados\2026-05\WhatsApp Image 2026-05-09 at 8.36.37 AM.jpeg
2026-05,WhatsApp Image 2026-05-09 at 8.36.37 AM.jpeg,2026-05-09,0000007580,"MINI SUPER 2017,C.A.",0.0,1595.69,0.0,1595.69,VERIFICADO,C:\Users\Marcos\Mi unidad\FYS\Pagos_procesados\2026-05\WhatsApp Image 2026-05-09 at 8.36.37 AM.jpeg
2026-05,WhatsApp Image 2026-05-09 at 8.36.37 AM.jpeg,2026-05-09,0000007581,"MINI SUPER 2017,C.A.",0.0,631.63,0.0,631.63,VERIFICADO,C:\Users\Marcos\Mi unidad\FYS\Pagos_procesados\2026-05\WhatsApp Image 2026-05-09 at 8.36.37 AM.jpeg
2026-05,WhatsApp Image 2026-05-09 at 8.36.37 AM.jpeg,2026-05-09,0000007596,"PANADERIA Y EXQUISITECES MISS ORIENTAL, C.A",0.0,318.1,0.0,318.1,VERIFICADO,C:\Users\Marcos\Mi unidad\FYS\Pagos_procesados\2026-05\WhatsApp Image 2026-05-09 at 8.36.37 AM.jpeg
2026-05,WhatsApp Image 2026-05-09 at 8.36.37 AM.jpeg,2026-05-09,0000007561,"TODO MARKET, C.A.",0.0,803.53,0.0,803.53,VERIFICADO,C:\Users\Marcos\Mi unidad\FYS\Pagos_procesados\2026-05\WhatsApp Image 2026-05-09 at 8.36.37 AM.jpeg
2026-05,WhatsApp Image 2026-05-12 at 9.01.39 AM.jpeg,2026-05-12,0000007607,DISTRIBUIDORA MEGAMAXI C.A,0.0,190.83,0.0,190.83,VERIFICADO,C:\Users\Marcos\Mi unidad\FYS\Pagos_procesados\2026-05\WhatsApp Image 2026-05-12 at 9.01.39 AM.jpeg
2026-05,WhatsApp Image 2026-05-12 at 9.01.39 AM.jpeg,2026-05-12,0000007608,MINIMARKET SURTIORIENTE CA,0.0,500.0,0.0,500.0,VERIFICADO,C:\Users\Marcos\Mi unidad\FYS\Pagos_procesados\2026-05\WhatsApp Image 2026-05-12 at 9.01.39 AM.jpeg
2026-05,WhatsApp Image 2026-05-12 at 9.01.39 AM.jpeg,2026-05-12,0000007609,MINIMARKET SURTIORIENTE CA,0.0,261.39,0.0,261.39,VERIFICADO,C:\Users\Marcos\Mi unidad\FYS\Pagos_procesados\2026-05\WhatsApp Image 2026-05-12 at 9.01.39 AM.jpeg
2026-05,WhatsApp Image 2026-05-12 at 9.01.39 AM.jpeg,2026-05-12,0000007610,SUPERMERCADO BARRIO SUCRE 88 F.P,0.0,139.98,0.0,139.98,VERIFICADO,C:\Users\Marcos\Mi unidad\FYS\Pagos_procesados\2026-05\WhatsApp Image 2026-05-12 at 9.01.39 AM.jpeg
2026-05,WhatsApp Image 2026-05-12 at 9.01.39 AM.jpeg,2026-05-12,0000007642,COMERCIALIZADORA PEREDA,0.0,29.2,0.0,29.2,VERIFICADO,C:\Users\Marcos\Mi unidad\FYS\Pagos_procesados\2026-05\WhatsApp Image 2026-05-12 at 9.01.39 AM.jpeg
2026-05,WhatsApp Image 2026-05-13 at 8.42.57 AM.jpeg,2026-05-13,0000007686,"AUTOMERCADO CLASIC URBANEJA, C.A",0.0,515.53,0.0,515.53,VERIFICADO,C:\Users\Marcos\Mi unidad\FYS\Pagos_procesados\2026-05\WhatsApp Image 2026-05-13 at 8.42.57 AM.jpeg
2026-05,WhatsApp Image 2026-05-13 at 8.42.57 AM.jpeg,2026-05-13,0000007687,EMPRENDIMIENTO SARA AMER,0.0,100.0,0.0,100.0,VERIFICADO,C:\Users\Marcos\Mi unidad\FYS\Pagos_procesados\2026-05\WhatsApp Image 2026-05-13 at 8.42.57 AM.jpeg
2026-05,WhatsApp Image 2026-05-13 at 8.42.57 AM.jpeg,2026-05-13,0000007688,COMERCIAL EL GRAN MUNDO 888 CA,0.0,321.12,0.0,321.12,VERIFICADO,C:\Users\Marcos\Mi unidad\FYS\Pagos_procesados\2026-05\WhatsApp Image 2026-05-13 at 8.42.57 AM.jpeg
2026-05,WhatsApp Image 2026-05-13 at 8.42.57 AM.jpeg,2026-05-13,0000007689,"INVERSIONES TIBACUY SINAI F,P",0.0,500.0,0.0,500.0,VERIFICADO,C:\Users\Marcos\Mi unidad\FYS\Pagos_procesados\2026-05\WhatsApp Image 2026-05-13 at 8.42.57 AM.jpeg
2026-05,WhatsApp Image 2026-05-13 at 8.42.57 AM.jpeg,2026-05-13,0000007690,COMERCIALIZADORA PEREDA,0.0,108.96,0.0,108.96,VERIFICADO,C:\Users\Marcos\Mi unidad\FYS\Pagos_procesados\2026-05\WhatsApp Image 2026-05-13 at 8.42.57 AM.jpeg
2026-05,WhatsApp Image 2026-05-13 at 8.42.57 AM.jpeg,2026-05-13,0000007733,VIVERES ASIA,0.0,190.85,0.0,190.85,VERIFICADO,C:\Users\Marcos\Mi unidad\FYS\Pagos_procesados\2026-05\WhatsApp Image 2026-05-13 at 8.42.57 AM.jpeg
2026-05,WhatsApp Image 2026-05-13 at 8.42.57 AM.jpeg,2026-05-13,0000007734,EXQUISITECES Y CHARCUTERIA AEROPAN CA,0.0,201.62,0.0,201.62,VERIFICADO,C:\Users\Marcos\Mi unidad\FYS\Pagos_procesados\2026-05\WhatsApp Image 2026-05-13 at 8.42.57 AM.jpeg
2026-05,WhatsApp Image 2026-05-13 at 8.42.57 AM.jpeg,2026-05-13,0000007735,CHACIN MINI ABASTO FP,0.0,227.25,0.0,227.25,VERIFICADO,C:\Users\Marcos\Mi unidad\FYS\Pagos_procesados\2026-05\WhatsApp Image 2026-05-13 at 8.42.57 AM.jpeg
2026-05,WhatsApp Image 2026-05-15 at 3.50.25 PM.jpeg,2026-05-15,0000007773,HOT DOGS LA PRINCIPAL CA,0.0,70.65,0.0,70.65,VERIFICADO,C:\Users\Marcos\Mi unidad\FYS\Pagos_procesados\2026-05\WhatsApp Image 2026-05-15 at 3.50.25 PM.jpeg
2026-05,WhatsApp Image 2026-05-15 at 3.50.25 PM.jpeg,2026-05-15,0000007774,SUPERMERCADO MINGYU CA,0.0,690.95,0.0,690.95,VERIFICADO,C:\Users\Marcos\Mi unidad\FYS\Pagos_procesados\2026-05\WhatsApp Image 2026-05-15 at 3.50.25 PM.jpeg
2026-05,WhatsApp Image 2026-05-15 at 3.50.25 PM.jpeg,2026-05-15,0000007775,MERCADO LA FINCA CA,0.0,108.06,0.0,108.06,VERIFICADO,C:\Users\Marcos\Mi unidad\FYS\Pagos_procesados\2026-05\WhatsApp Image 2026-05-15 at 3.50.25 PM.jpeg
2026-05,WhatsApp Image 2026-05-15 at 3.50.25 PM.jpeg,2026-05-15,0000007816,VIVERES ASIA,0.0,476.83,0.0,476.83,VERIFICADO,C:\Users\Marcos\Mi unidad\FYS\Pagos_procesados\2026-05\WhatsApp Image 2026-05-15 at 3.50.25 PM.jpeg
2026-05,WhatsApp Image 2026-05-15 at 3.50.25 PM.jpeg,2026-05-15,0000007817,"DISTRIBUIDORA DE ALIMENTOS TROCAG, C.A",0.0,255.0,0.0,255.0,VERIFICADO,C:\Users\Marcos\Mi unidad\FYS\Pagos_procesados\2026-05\WhatsApp Image 2026-05-15 at 3.50.25 PM.jpeg
2026-05,WhatsApp Image 2026-05-15 at 3.50.25 PM.jpeg,2026-05-15,0000007818,WU ZEYUAN UNIMERCADO FAVORITO FP,0.0,46.86,0.0,46.86,VERIFICADO,C:\Users\Marcos\Mi unidad\FYS\Pagos_procesados\2026-05\WhatsApp Image 2026-05-15 at 3.50.25 PM.jpeg
2026-05,WhatsApp Image 2026-05-15 at 3.50.25 PM.jpeg,2026-05-15,0000007819,LIANG SUPERMERCADO CHAO 88 FP,0.0,644.5,0.0,644.5,VERIFICADO,C:\Users\Marcos\Mi unidad\FYS\Pagos_procesados\2026-05\WhatsApp Image 2026-05-15 at 3.50.25 PM.jpeg
2026-05,WhatsApp Image 2026-05-15 at 3.50.25 PM.jpeg,2026-05-15,0000007820,"INVERSIONES JR EL GORDO, C.A",0.0,199.64,0.0,199.64,VERIFICADO,C:\Users\Marcos\Mi unidad\FYS\Pagos_procesados\2026-05\WhatsApp Image 2026-05-15 at 3.50.25 PM.jpeg
2026-05,WhatsApp Image 2026-05-15 at 3.50.25 PM.jpeg,2026-05-15,0000007861,AUTOMERCADO PACIFICO,0.0,602.62,0.0,602.62,VERIFICADO,C:\Users\Marcos\Mi unidad\FYS\Pagos_procesados\2026-05\WhatsApp Image 2026-05-15 at 3.50.25 PM.jpeg
2026-05,WhatsApp Image 2026-05-15 at 3.50.25 PM.jpeg,2026-05-15,0000007862,AUTOMERCADO PACIFICO,0.0,206.58,0.0,206.58,VERIFICADO,C:\Users\Marcos\Mi unidad\FYS\Pagos_procesados\2026-05\WhatsApp Image 2026-05-15 at 3.50.25 PM.jpeg
2026-05,WhatsApp Image 2026-05-16 at 8.12.37 AM.jpeg,2026-05-16,0000007889,SUPERMERCADO BARRIO SUCRE 88 F.P,70.95,0.0,0.0,70.95,VERIFICADO,C:\Users\Marcos\Mi unidad\FYS\Pagos_procesados\2026-05\WhatsApp Image 2026-05-16 at 8.12.37 AM.jpeg
2026-05,WhatsApp Image 2026-05-18 at 2.41.57 PM.jpeg,2026-05-18,0000007973,"INVERSIONES TIBACUY SINAI F,P",0.0,300.0,0.0,300.0,VERIFICADO,C:\Users\Marcos\Mi unidad\FYS\Pagos_procesados\2026-05\WhatsApp Image 2026-05-18 at 2.41.57 PM.jpeg
2026-05,WhatsApp Image 2026-05-18 at 2.41.57 PM.jpeg,2026-05-18,0000007974,"TODO MARKET, C.A.",0.0,544.62,0.0,544.62,VERIFICADO,C:\Users\Marcos\Mi unidad\FYS\Pagos_procesados\2026-05\WhatsApp Image 2026-05-18 at 2.41.57 PM.jpeg
2026-05,WhatsApp Image 2026-05-18 at 2.41.57 PM.jpeg,2026-05-18,0000007975,"INSIEME, S.A.",0.0,519.53,0.0,519.53,VERIFICADO,C:\Users\Marcos\Mi unidad\FYS\Pagos_procesados\2026-05\WhatsApp Image 2026-05-18 at 2.41.57 PM.jpeg
2026-05,WhatsApp Image 2026-05-18 at 2.41.57 PM.jpeg,2026-05-18,0000007976,ZHENG INVERSIONES SUPERIOR FP,0.0,90.27,0.0,90.27,VERIFICADO,C:\Users\Marcos\Mi unidad\FYS\Pagos_procesados\2026-05\WhatsApp Image 2026-05-18 at 2.41.57 PM.jpeg
2026-05,WhatsApp Image 2026-05-18 at 2.41.57 PM.jpeg,2026-05-18,0000007977,5 MULTITIENDA BARCELONA CA,0.0,133.17,0.0,133.17,VERIFICADO,C:\Users\Marcos\Mi unidad\FYS\Pagos_procesados\2026-05\WhatsApp Image 2026-05-18 at 2.41.57 PM.jpeg
2026-05,WhatsApp Image 2026-05-18 at 2.41.57 PM.jpeg,2026-05-18,0000007978,MULTITIENDA BARCELONA CA,0.0,529.92,0.0,529.92,VERIFICADO,C:\Users\Marcos\Mi unidad\FYS\Pagos_procesados\2026-05\WhatsApp Image 2026-05-18 at 2.41.57 PM.jpeg
2026-05,WhatsApp Image 2026-05-18 at 2.41.57 PM.jpeg,2026-05-18,0000008028,"SUPERTODO BOULEVARD, C.A",0.0,638.71,0.0,638.71,VERIFICADO,C:\Users\Marcos\Mi unidad\FYS\Pagos_procesados\2026-05\WhatsApp Image 2026-05-18 at 2.41.57 PM.jpeg
2026-05,WhatsApp Image 2026-05-18 at 2.41.57 PM.jpeg,2026-05-18,0000008029,WUZEYUAN UNIMERCADO FAVORITO FP,0.0,98.59,0.0,98.59,VERIFICADO,C:\Users\Marcos\Mi unidad\FYS\Pagos_procesados\2026-05\WhatsApp Image 2026-05-18 at 2.41.57 PM.jpeg
2026-05,WhatsApp Image 2026-05-19 at 11.43.57 AM.jpeg,2026-05-19,0000008069,"ALIMERKA, C.A.",0.0,86.3,0.0,86.3,SOLO_TOTAL,C:\Users\Marcos\Mi unidad\FYS\Pagos_procesados\2026-05\WhatsApp Image 2026-05-19 at 11.43.57 AM.jpeg
2026-05,WhatsApp Image 2026-05-19 at 11.43.57 AM.jpeg,2026-05-19,0000008070,"LA BODEGUILLA ANDALUZ, C.A",0.0,300.0,0.0,300.0,SOLO_TOTAL,C:\Users\Marcos\Mi unidad\FYS\Pagos_procesados\2026-05\WhatsApp Image 2026-05-19 at 11.43.57 AM.jpeg
2026-05,WhatsApp Image 2026-05-19 at 11.43.57 AM.jpeg,2026-05-19,0000008071,EMPRENDIMIENTO BRICEIDA CERMEÑO,0.0,30.26,0.0,30.26,SOLO_TOTAL,C:\Users\Marcos\Mi unidad\FYS\Pagos_procesados\2026-05\WhatsApp Image 2026-05-19 at 11.43.57 AM.jpeg
2026-05,WhatsApp Image 2026-05-19 at 11.43.57 AM.jpeg,2026-05-19,0000008072,DISTRIBUIDORA MEGAMAXI C.A,0.0,173.57,0.0,173.57,SOLO_TOTAL,C:\Users\Marcos\Mi unidad\FYS\Pagos_procesados\2026-05\WhatsApp Image 2026-05-19 at 11.43.57 AM.jpeg
2026-05,WhatsApp Image 2026-05-19 at 11.43.57 AM.jpeg,2026-05-19,0000008073,DISTRIBUIDORA MEGAMAXI C.A,0.0,78.86,0.0,78.86,SOLO_TOTAL,C:\Users\Marcos\Mi unidad\FYS\Pagos_procesados\2026-05\WhatsApp Image 2026-05-19 at 11.43.57 AM.jpeg
2026-05,WhatsApp Image 2026-05-19 at 11.43.57 AM.jpeg,2026-05-19,0000008074,SUPERMERCADO BARRIO SUCRE 88 F.P,0.0,55.51,0.0,55.51,SOLO_TOTAL,C:\Users\Marcos\Mi unidad\FYS\Pagos_procesados\2026-05\WhatsApp Image 2026-05-19 at 11.43.57 AM.jpeg
2026-05,WhatsApp Image 2026-05-19 at 11.43.57 AM.jpeg,2026-05-19,0000008075,AUTO MERCADO UNIOFERTAS CENTER CA,0.0,54.71,0.0,54.71,SOLO_TOTAL,C:\Users\Marcos\Mi unidad\FYS\Pagos_procesados\2026-05\WhatsApp Image 2026-05-19 at 11.43.57 AM.jpeg
2026-05,WhatsApp Image 2026-05-19 at 11.43.57 AM.jpeg,2026-05-19,0000008115,"INVERSIONES F&V 2016, C.A",50.0,0.0,0.0,50.0,SOLO_TOTAL,C:\Users\Marcos\Mi unidad\FYS\Pagos_procesados\2026-05\WhatsApp Image 2026-05-19 at 11.43.57 AM.jpeg
2026-05,WhatsApp Image 2026-05-19 at 11.43.57 AM.jpeg,2026-05-19,0000008116,SUPERMERCADO BARRIO SUCRE 88 F.P,137.05,0.0,0.0,137.05,SOLO_TOTAL,C:\Users\Marcos\Mi unidad\FYS\Pagos_procesados\2026-05\WhatsApp Image 2026-05-19 at 11.43.57 AM.jpeg
2026-05,WhatsApp Image 2026-05-21 at 10.24.44 AM.jpeg,2026-05-21,0000008122,PANAD. PAST. CHARCUT. Y BOD. CITY MANZION 95 CA,0.0,93.54,0.0,93.54,SOLO_TOTAL,C:\Users\Marcos\Mi unidad\FYS\Pagos_procesados\2026-05\WhatsApp Image 2026-05-21 at 10.24.44 AM.jpeg
2026-05,WhatsApp Image 2026-05-21 at 10.24.44 AM.jpeg,2026-05-21,0000008129,MULTITIENDA BARCELONA CA,0.0,74.4,0.0,74.4,SOLO_TOTAL,C:\Users\Marcos\Mi unidad\FYS\Pagos_procesados\2026-05\WhatsApp Image 2026-05-21 at 10.24.44 AM.jpeg
2026-05,WhatsApp Image 2026-05-21 at 10.24.44 AM.jpeg,2026-05-21,0000008145,"MINI SUPER 2017,C.A.",0.0,0.0,0.0,0.0,SOLO_TOTAL,C:\Users\Marcos\Mi unidad\FYS\Pagos_procesados\2026-05\WhatsApp Image 2026-05-21 at 10.24.44 AM.jpeg
2026-05,WhatsApp Image 2026-05-21 at 10.24.44 AM.jpeg,2026-05-21,0000008207,COMERCIAL EL GRAN MUNDO 888 CA,0.0,250.19,0.0,250.19,SOLO_TOTAL,C:\Users\Marcos\Mi unidad\FYS\Pagos_procesados\2026-05\WhatsApp Image 2026-05-21 at 10.24.44 AM.jpeg
2026-05,WhatsApp Image 2026-05-21 at 10.24.44 AM.jpeg,2026-05-21,0000008208,COMERCIAL NUEVA CARACAS 168 C.A,0.0,617.44,0.0,617.44,SOLO_TOTAL,C:\Users\Marcos\Mi unidad\FYS\Pagos_procesados\2026-05\WhatsApp Image 2026-05-21 at 10.24.44 AM.jpeg
2026-05,WhatsApp Image 2026-05-21 at 10.24.44 AM.jpeg,2026-05-21,0000008209,MULTITIENDA BARCELONA CA,0.0,238.24,0.0,238.24,SOLO_TOTAL,C:\Users\Marcos\Mi unidad\FYS\Pagos_procesados\2026-05\WhatsApp Image 2026-05-21 at 10.24.44 AM.jpeg
2026-05,WhatsApp Image 2026-05-21 at 10.24.44 AM.jpeg,2026-05-21,0000008210,ZHENG INVERSIONES SUPERIOR FP,0.0,152.82,0.0,152.82,SOLO_TOTAL,C:\Users\Marcos\Mi unidad\FYS\Pagos_procesados\2026-05\WhatsApp Image 2026-05-21 at 10.24.44 AM.jpeg
2026-05,WhatsApp Image 2026-05-21 at 10.24.44 AM.jpeg,2026-05-21,0000008211,"INVERSIONES TIBACUY SINAI F,P",0.0,300.0,0.0,300.0,SOLO_TOTAL,C:\Users\Marcos\Mi unidad\FYS\Pagos_procesados\2026-05\WhatsApp Image 2026-05-21 at 10.24.44 AM.jpeg
2026-05,WhatsApp Image 2026-05-21 at 10.24.44 AM.jpeg,2026-05-21,0000008212,WU COMERCIAL BRISAS DEL MAR M.Y F.P,0.0,384.89,0.0,384.89,SOLO_TOTAL,C:\Users\Marcos\Mi unidad\FYS\Pagos_procesados\2026-05\WhatsApp Image 2026-05-21 at 10.24.44 AM.jpeg
2026-05,WhatsApp Image 2026-05-21 at 10.24.44 AM.jpeg,2026-05-21,0000008213,ZHENG INVERSIONES SUPERIOR FP,0.0,241.18,0.0,241.18,SOLO_TOTAL,C:\Users\Marcos\Mi unidad\FYS\Pagos_procesados\2026-05\WhatsApp Image 2026-05-21 at 10.24.44 AM.jpeg
2026-05,WhatsApp Image 2026-05-21 at 10.24.44 AM.jpeg,2026-05-21,0000008287,VIVERES ASIA,0.0,129.76,0.0,129.76,SOLO_TOTAL,C:\Users\Marcos\Mi unidad\FYS\Pagos_procesados\2026-05\WhatsApp Image 2026-05-21 at 10.24.44 AM.jpeg
2026-05,WhatsApp Image 2026-05-21 at 10.24.44 AM.jpeg,2026-05-21,0000008308,LA FRAGATA EXQUISITECES CA,0.0,318.2,0.0,318.2,SOLO_TOTAL,C:\Users\Marcos\Mi unidad\FYS\Pagos_procesados\2026-05\WhatsApp Image 2026-05-21 at 10.24.44 AM.jpeg
2026-05,WhatsApp Image 2026-05-21 at 10.24.44 AM.jpeg,2026-05-21,0000008312,"MINI SUPER 2017,C.A.",0.0,0.0,0.0,0.0,SOLO_TOTAL,C:\Users\Marcos\Mi unidad\FYS\Pagos_procesados\2026-05\WhatsApp Image 2026-05-21 at 10.24.44 AM.jpeg
2026-05,WhatsApp Image 2026-05-23 at 12.33.28 PM.jpeg,2026-05-23,0000008408,BOLIVAR INVERSIONES CHADAI FP,0.0,110.22,0.0,110.22,VERIFICADO,C:\Users\Marcos\Mi unidad\FYS\Pagos_procesados\2026-05\WhatsApp Image 2026-05-23 at 12.33.28 PM.jpeg
2026-05,WhatsApp Image 2026-05-23 at 12.33.28 PM.jpeg,2026-05-23,0000008409,BOOM MARKET 2020 CA,0.0,69.43,0.0,69.43,VERIFICADO,C:\Users\Marcos\Mi unidad\FYS\Pagos_procesados\2026-05\WhatsApp Image 2026-05-23 at 12.33.28 PM.jpeg
2026-05,WhatsApp Image 2026-05-23 at 12.33.28 PM.jpeg,2026-05-23,0000008410,EMPRENDIMIENTO BRICEIDA CERMENO,0.0,15.35,0.0,15.35,VERIFICADO,C:\Users\Marcos\Mi unidad\FYS\Pagos_procesados\2026-05\WhatsApp Image 2026-05-23 at 12.33.28 PM.jpeg
2026-05,WhatsApp Image 2026-05-23 at 12.33.28 PM.jpeg,2026-05-23,0000008411,COMERCIAL EL GRAN MUNDO 888 CA,0.0,564.09,0.0,564.09,VERIFICADO,C:\Users\Marcos\Mi unidad\FYS\Pagos_procesados\2026-05\WhatsApp Image 2026-05-23 at 12.33.28 PM.jpeg
2026-05,WhatsApp Image 2026-05-23 at 12.33.28 PM.jpeg,2026-05-23,0000008412,COMERCIAL EL GRAN MUNDO 888 CA,0.0,391.09,0.0,391.09,VERIFICADO,C:\Users\Marcos\Mi unidad\FYS\Pagos_procesados\2026-05\WhatsApp Image 2026-05-23 at 12.33.28 PM.jpeg
2026-05,WhatsApp Image 2026-05-23 at 12.33.28 PM.jpeg,2026-05-23,0000008413,COMERCIAL EL GRAN MUNDO 888 CA,0.0,741.44,0.0,741.44,VERIFICADO,C:\Users\Marcos\Mi unidad\FYS\Pagos_procesados\2026-05\WhatsApp Image 2026-05-23 at 12.33.28 PM.jpeg
2026-05,WhatsApp Image 2026-05-23 at 12.33.28 PM.jpeg,2026-05-23,0000008414,COMERCIAL NUEVA CARACAS 168 C.A,0.0,579.21,0.0,579.21,VERIFICADO,C:\Users\Marcos\Mi unidad\FYS\Pagos_procesados\2026-05\WhatsApp Image 2026-05-23 at 12.33.28 PM.jpeg
2026-05,WhatsApp Image 2026-05-23 at 12.33.28 PM.jpeg,2026-05-23,0000008415,GARCIA MINI MARKET CUKYS CAKES FP,0.0,30.16,0.0,30.16,VERIFICADO,C:\Users\Marcos\Mi unidad\FYS\Pagos_procesados\2026-05\WhatsApp Image 2026-05-23 at 12.33.28 PM.jpeg
2026-05,WhatsApp Image 2026-05-23 at 12.33.28 PM.jpeg,2026-05-23,0000008416,HUANG COMERCIAL LUCKY HACIENDA 88 FP,0.0,380.37,0.0,380.37,VERIFICADO,C:\Users\Marcos\Mi unidad\FYS\Pagos_procesados\2026-05\WhatsApp Image 2026-05-23 at 12.33.28 PM.jpeg
2026-05,WhatsApp Image 2026-05-23 at 12.33.28 PM.jpeg,2026-05-23,0000008454,"MINI SUPER 2017,C.A.",0.0,528.33,0.0,528.33,VERIFICADO,C:\Users\Marcos\Mi unidad\FYS\Pagos_procesados\2026-05\WhatsApp Image 2026-05-23 at 12.33.28 PM.jpeg
2026-05,WhatsApp Image 2026-05-23 at 12.33.28 PM.jpeg,2026-05-23,0000008461,"LA BODEGUILLA ANDALUZ, C.A",0.0,132.89,0.0,132.89,VERIFICADO,C:\Users\Marcos\Mi unidad\FYS\Pagos_procesados\2026-05\WhatsApp Image 2026-05-23 at 12.33.28 PM.jpeg
2026-05,WhatsApp Image 2026-05-23 at 12.33.28 PM.jpeg,2026-05-23,0000008508,"MINI MARKET SUPERGANGA, C.A",0.0,392.39,0.0,392.39,VERIFICADO,C:\Users\Marcos\Mi unidad\FYS\Pagos_procesados\2026-05\WhatsApp Image 2026-05-23 at 12.33.28 PM.jpeg
2026-05,WhatsApp Image 2026-05-25 at 9.01.16 AM.jpeg,2026-05-25,0000008527,"FANG KING MARKET F,P",0.0,46.4,0.0,46.4,VERIFICADO,C:\Users\Marcos\Mi unidad\FYS\Pagos_procesados\2026-05\WhatsApp Image 2026-05-25 at 9.01.16 AM.jpeg
2026-05,WhatsApp Image 2026-05-25 at 9.01.16 AM.jpeg,2026-05-25,0000008543,"DEPOSITADORA GIGANTE, C.A.",0.0,116.72,0.0,116.72,VERIFICADO,C:\Users\Marcos\Mi unidad\FYS\Pagos_procesados\2026-05\WhatsApp Image 2026-05-25 at 9.01.16 AM.jpeg
2026-05,WhatsApp Image 2026-05-25 at 9.01.16 AM.jpeg,2026-05-25,0000008544,VICT LEAND MARKET CA,0.0,419.01,0.0,419.01,VERIFICADO,C:\Users\Marcos\Mi unidad\FYS\Pagos_procesados\2026-05\WhatsApp Image 2026-05-25 at 9.01.16 AM.jpeg
2026-05,WhatsApp Image 2026-05-27 at 8.31.56 AM.jpeg,2026-05-27,0000008643,COMERCIAL NUEVA CARACAS 168 C.A,0.0,182.42,0.0,182.42,VERIFICADO,C:\Users\Marcos\Mi unidad\FYS\Pagos_procesados\2026-05\WhatsApp Image 2026-05-27 at 8.31.56 AM.jpeg
2026-05,WhatsApp Image 2026-05-27 at 8.31.56 AM.jpeg,2026-05-27,0000008707,AUTOMERCADO MIXMARKET CA,0.0,86.32,0.0,86.32,VERIFICADO,C:\Users\Marcos\Mi unidad\FYS\Pagos_procesados\2026-05\WhatsApp Image 2026-05-27 at 8.31.56 AM.jpeg
2026-05,WhatsApp Image 2026-05-28 at 9.07.51 AM.jpeg,2026-05-28,0000008734,"TODO MARKET, C.A.",0.0,676.16,0.0,676.16,VERIFICADO,C:\Users\Marcos\Mi unidad\FYS\Pagos_procesados\2026-05\WhatsApp Image 2026-05-28 at 9.07.51 AM.jpeg
2026-05,WhatsApp Image 2026-05-28 at 9.07.51 AM.jpeg,2026-05-28,0000008735,COSMETICOS POR TODO ZHEN FP,0.0,262.43,0.0,262.43,VERIFICADO,C:\Users\Marcos\Mi unidad\FYS\Pagos_procesados\2026-05\WhatsApp Image 2026-05-28 at 9.07.51 AM.jpeg
2026-05,WhatsApp Image 2026-05-28 at 9.07.51 AM.jpeg,2026-05-28,0000008752,LIANG SUPERMERCADO CHAO 88 FP,0.0,420.81,0.0,420.81,VERIFICADO,C:\Users\Marcos\Mi unidad\FYS\Pagos_procesados\2026-05\WhatsApp Image 2026-05-28 at 9.07.51 AM.jpeg
2026-05,WhatsApp Image 2026-05-28 at 9.07.51 AM.jpeg,2026-05-28,0000008753,LIANG SUPERMERCADO CHAO 88 FP,0.0,998.7,0.0,998.7,VERIFICADO,C:\Users\Marcos\Mi unidad\FYS\Pagos_procesados\2026-05\WhatsApp Image 2026-05-28 at 9.07.51 AM.jpeg
2026-05,WhatsApp Image 2026-05-28 at 9.07.51 AM.jpeg,2026-05-28,0000008754,AUTOMERCADO DAVID FP,0.0,110.12,0.0,110.12,VERIFICADO,C:\Users\Marcos\Mi unidad\FYS\Pagos_procesados\2026-05\WhatsApp Image 2026-05-28 at 9.07.51 AM.jpeg
2026-05,WhatsApp Image 2026-05-28 at 9.07.51 AM.jpeg,2026-05-28,0000008755,FARMACIAS SUPER FARMA CA,0.0,574.31,0.0,574.31,VERIFICADO,C:\Users\Marcos\Mi unidad\FYS\Pagos_procesados\2026-05\WhatsApp Image 2026-05-28 at 9.07.51 AM.jpeg
2026-05,WhatsApp Image 2026-05-28 at 9.07.51 AM.jpeg,2026-05-28,0000008756,SUPERCOMBO EXPRESS CA,0.0,900.0,0.0,900.0,VERIFICADO,C:\Users\Marcos\Mi unidad\FYS\Pagos_procesados\2026-05\WhatsApp Image 2026-05-28 at 9.07.51 AM.jpeg
2026-05,WhatsApp Image 2026-05-28 at 9.07.51 AM.jpeg,2026-05-28,0000008757,BAKERY BAO BAO C.A,0.0,200.49,0.0,200.49,VERIFICADO,C:\Users\Marcos\Mi unidad\FYS\Pagos_procesados\2026-05\WhatsApp Image 2026-05-28 at 9.07.51 AM.jpeg
2026-05,WhatsApp Image 2026-05-28 at 9.07.51 AM.jpeg,2026-05-28,0000008758,ARIANNE SOFIA MORALES HERRERA,0.0,808.78,0.0,808.78,VERIFICADO,C:\Users\Marcos\Mi unidad\FYS\Pagos_procesados\2026-05\WhatsApp Image 2026-05-28 at 9.07.51 AM.jpeg
2026-05,WhatsApp Image 2026-05-28 at 9.07.51 AM.jpeg,2026-05-28,0000008759,"DISTRIBUIDORA DE ALIMENTOS TROCAG, C.A",0.0,364.81,0.0,364.81,VERIFICADO,C:\Users\Marcos\Mi unidad\FYS\Pagos_procesados\2026-05\WhatsApp Image 2026-05-28 at 9.07.51 AM.jpeg
2026-05,WhatsApp Image 2026-05-28 at 9.07.51 AM.jpeg,2026-05-28,0000008780,FRESH MARKET C.A.,0.0,552.92,0.0,552.92,VERIFICADO,C:\Users\Marcos\Mi unidad\FYS\Pagos_procesados\2026-05\WhatsApp Image 2026-05-28 at 9.07.51 AM.jpeg
2026-05,WhatsApp Image 2026-05-28 at 9.07.51 AM.jpeg,2026-05-28,0000008781,LU COMERCIAL GRAN CASITA FP,0.0,176.62,0.0,176.62,VERIFICADO,C:\Users\Marcos\Mi unidad\FYS\Pagos_procesados\2026-05\WhatsApp Image 2026-05-28 at 9.07.51 AM.jpeg
2026-05,WhatsApp Image 2026-05-28 at 9.07.51 AM.jpeg,2026-05-28,0000008782,HIPER MERCADO COSTCO CA,0.0,649.41,0.0,649.41,VERIFICADO,C:\Users\Marcos\Mi unidad\FYS\Pagos_procesados\2026-05\WhatsApp Image 2026-05-28 at 9.07.51 AM.jpeg
2026-05,WhatsApp Image 2026-05-28 at 9.07.51 AM.jpeg,2026-05-28,0000008783,"MINI SUPER 2017,C.A.",0.0,447.94,0.0,447.94,VERIFICADO,C:\Users\Marcos\Mi unidad\FYS\Pagos_procesados\2026-05\WhatsApp Image 2026-05-28 at 9.07.51 AM.jpeg
2026-06,WhatsApp Image 2026-06-01 at 2.42.39 PM.jpeg,2026-06-01,0000008994,AUTOMERCADO PACIFICO,0.0,586.57,0.0,586.57,VERIFICADO,C:\Users\Marcos\Mi unidad\FYS\Pagos_procesados\2026-06\WhatsApp Image 2026-06-01 at 2.42.39 PM.jpeg
2026-06,WhatsApp Image 2026-06-01 at 2.42.39 PM.jpeg,2026-06-01,0000008995,AUTOMERCADO PACIFICO,0.0,625.47,0.0,625.47,VERIFICADO,C:\Users\Marcos\Mi unidad\FYS\Pagos_procesados\2026-06\WhatsApp Image 2026-06-01 at 2.42.39 PM.jpeg
2026-06,WhatsApp Image 2026-06-01 at 2.42.39 PM.jpeg,2026-06-01,0000008996,"AUTOMERCADO Y PANADERIA LA NARANJA, C. A.",0.0,100.0,0.0,100.0,VERIFICADO,C:\Users\Marcos\Mi unidad\FYS\Pagos_procesados\2026-06\WhatsApp Image 2026-06-01 at 2.42.39 PM.jpeg
2026-06,WhatsApp Image 2026-06-01 at 2.42.39 PM.jpeg,2026-06-01,0000008997,"AUTOMERCADO Y PANADERIA LA NARANJA, C. A.",0.0,58.67,0.0,58.67,VERIFICADO,C:\Users\Marcos\Mi unidad\FYS\Pagos_procesados\2026-06\WhatsApp Image 2026-06-01 at 2.42.39 PM.jpeg
2026-06,WhatsApp Image 2026-06-01 at 2.42.39 PM.jpeg,2026-06-01,0000008998,VIVERES ASIA,0.0,164.12,0.0,164.12,VERIFICADO,C:\Users\Marcos\Mi unidad\FYS\Pagos_procesados\2026-06\WhatsApp Image 2026-06-01 at 2.42.39 PM.jpeg
2026-06,WhatsApp Image 2026-06-01 at 2.42.39 PM.jpeg,2026-06-01,0000008999,AUTOMERCADO TANG 688 F.P,0.0,281.12,0.0,281.12,VERIFICADO,C:\Users\Marcos\Mi unidad\FYS\Pagos_procesados\2026-06\WhatsApp Image 2026-06-01 at 2.42.39 PM.jpeg
2026-06,WhatsApp Image 2026-06-01 at 2.42.39 PM.jpeg,2026-06-01,0000009000,ELITE 3000 ORIENTE C.A,0.0,139.36,0.0,139.36,VERIFICADO,C:\Users\Marcos\Mi unidad\FYS\Pagos_procesados\2026-06\WhatsApp Image 2026-06-01 at 2.42.39 PM.jpeg
2026-06,WhatsApp Image 2026-06-01 at 2.42.39 PM.jpeg,2026-06-01,0000009001,SUPERMERCADO EL ORIENTE DORADO CA,0.0,537.8,0.0,537.8,VERIFICADO,C:\Users\Marcos\Mi unidad\FYS\Pagos_procesados\2026-06\WhatsApp Image 2026-06-01 at 2.42.39 PM.jpeg
2026-06,WhatsApp Image 2026-06-01 at 2.42.39 PM.jpeg,2026-06-01,0000009002,"SUPERTODO BOULEVARD, C.A",0.0,360.62,0.0,360.62,VERIFICADO,C:\Users\Marcos\Mi unidad\FYS\Pagos_procesados\2026-06\WhatsApp Image 2026-06-01 at 2.42.39 PM.jpeg
2026-06,WhatsApp Image 2026-06-01 at 2.42.39 PM.jpeg,2026-06-01,0000009008,"INVERSIONES GRAN ORIENTE, C.A.",0.0,461.21,0.0,461.21,VERIFICADO,C:\Users\Marcos\Mi unidad\FYS\Pagos_procesados\2026-06\WhatsApp Image 2026-06-01 at 2.42.39 PM.jpeg
2026-06,WhatsApp Image 2026-06-01 at 2.42.39 PM.jpeg,2026-06-01,0000009009,GARCIA MINI MARKET CUKYS CAKES FP,0.0,15.13,0.0,15.13,VERIFICADO,C:\Users\Marcos\Mi unidad\FYS\Pagos_procesados\2026-06\WhatsApp Image 2026-06-01 at 2.42.39 PM.jpeg
2026-06,WhatsApp Image 2026-06-03 at 8.31.21 AM.jpeg,2026-06-03,0000009037,SUPERMERCADO BARRIO SUCRE 88 F.P,74.71,0.0,0.0,74.71,VERIFICADO,C:\Users\Marcos\Mi unidad\FYS\Pagos_procesados\2026-06\WhatsApp Image 2026-06-03 at 8.31.21 AM.jpeg
2026-06,WhatsApp Image 2026-06-03 at 8.31.21 AM.jpeg,2026-06-03,0000009038,EL CONDIMENTAZO DEL BOULEVARD CA,5.75,0.0,0.0,5.75,VERIFICADO,C:\Users\Marcos\Mi unidad\FYS\Pagos_procesados\2026-06\WhatsApp Image 2026-06-03 at 8.31.21 AM.jpeg
2026-06,WhatsApp Image 2026-06-03 at 8.31.21 AM.jpeg,2026-06-03,0000009074,"BODEMARKET,C.A",0.0,205.82,0.0,205.82,VERIFICADO,C:\Users\Marcos\Mi unidad\FYS\Pagos_procesados\2026-06\WhatsApp Image 2026-06-03 at 8.31.21 AM.jpeg
2026-06,WhatsApp Image 2026-06-03 at 8.31.21 AM.jpeg,2026-06-03,0000009075,"BODEMARKET,C.A",0.0,154.03,0.0,154.03,VERIFICADO,C:\Users\Marcos\Mi unidad\FYS\Pagos_procesados\2026-06\WhatsApp Image 2026-06-03 at 8.31.21 AM.jpeg
2026-06,WhatsApp Image 2026-06-03 at 8.31.21 AM.jpeg,2026-06-03,0000009076,"AUTOMERCADO Y PANADERIA LA NARANJA, C. A.",0.0,100.0,0.0,100.0,VERIFICADO,C:\Users\Marcos\Mi unidad\FYS\Pagos_procesados\2026-06\WhatsApp Image 2026-06-03 at 8.31.21 AM.jpeg
2026-06,WhatsApp Image 2026-06-03 at 8.31.21 AM.jpeg,2026-06-03,0000009143,"COMERCIAL LA CARIDAD BENDITA, C.A",0.0,61.02,0.0,61.02,VERIFICADO,C:\Users\Marcos\Mi unidad\FYS\Pagos_procesados\2026-06\WhatsApp Image 2026-06-03 at 8.31.21 AM.jpeg
2026-06,WhatsApp Image 2026-06-03 at 8.31.21 AM.jpeg,2026-06-03,0000009144,DISTRIBUIDORA MEGAMAXI C.A,0.0,90.38,0.0,90.38,VERIFICADO,C:\Users\Marcos\Mi unidad\FYS\Pagos_procesados\2026-06\WhatsApp Image 2026-06-03 at 8.31.21 AM.jpeg
2026-06,WhatsApp Image 2026-06-03 at 8.31.21 AM.jpeg,2026-06-03,0000009145,DISTRIBUIDORA MEGAMAXI C.A,0.0,203.96,0.0,203.96,VERIFICADO,C:\Users\Marcos\Mi unidad\FYS\Pagos_procesados\2026-06\WhatsApp Image 2026-06-03 at 8.31.21 AM.jpeg
2026-06,WhatsApp Image 2026-06-03 at 8.31.21 AM.jpeg,2026-06-03,0000009146,"INSIEME, S.A.",0.0,285.4,0.0,285.4,VERIFICADO,C:\Users\Marcos\Mi unidad\FYS\Pagos_procesados\2026-06\WhatsApp Image 2026-06-03 at 8.31.21 AM.jpeg
2026-06,WhatsApp Image 2026-06-03 at 8.31.21 AM.jpeg,2026-06-03,0000009147,"INVERSIONES TIBACUY SINAI F,P",0.0,71.14,0.0,71.14,VERIFICADO,C:\Users\Marcos\Mi unidad\FYS\Pagos_procesados\2026-06\WhatsApp Image 2026-06-03 at 8.31.21 AM.jpeg
2026-06,WhatsApp Image 2026-06-03 at 8.31.21 AM.jpeg,2026-06-03,0000009170,FRIGORIFICOS BRAVOS DELI CA,0.0,140.75,0.0,140.75,VERIFICADO,C:\Users\Marcos\Mi unidad\FYS\Pagos_procesados\2026-06\WhatsApp Image 2026-06-03 at 8.31.21 AM.jpeg
2026-06,WhatsApp Image 2026-06-04 at 12.04.57 PM.jpeg,2026-06-04,0000009227,EL BODEGON DE MOREIRA CA,0.0,205.38,0.0,205.38,VERIFICADO,C:\Users\Marcos\Mi unidad\FYS\Pagos_procesados\2026-06\WhatsApp Image 2026-06-04 at 12.04.57 PM.jpeg
2026-06,WhatsApp Image 2026-06-04 at 12.04.57 PM.jpeg,2026-06-04,0000009228,EL BODEGON DE MOREIRA CA,0.0,272.46,0.0,272.46,VERIFICADO,C:\Users\Marcos\Mi unidad\FYS\Pagos_procesados\2026-06\WhatsApp Image 2026-06-04 at 12.04.57 PM.jpeg
2026-06,WhatsApp Image 2026-06-04 at 12.04.57 PM.jpeg,2026-06-04,0000009229,"MINI SUPER 2017,C.A.",0.0,2444.22,0.0,2444.22,VERIFICADO,C:\Users\Marcos\Mi unidad\FYS\Pagos_procesados\2026-06\WhatsApp Image 2026-06-04 at 12.04.57 PM.jpeg
2026-06,WhatsApp Image 2026-06-04 at 12.04.57 PM.jpeg,2026-06-04,0000009286,INVERSIONES PERFECTO C.A,0.0,233.56,0.0,233.56,VERIFICADO,C:\Users\Marcos\Mi unidad\FYS\Pagos_procesados\2026-06\WhatsApp Image 2026-06-04 at 12.04.57 PM.jpeg
2026-06,WhatsApp Image 2026-06-04 at 12.04.57 PM.jpeg,2026-06-04,0000009287,EMPRENDIMIENTO SARA AMER,0.0,100.0,0.0,100.0,VERIFICADO,C:\Users\Marcos\Mi unidad\FYS\Pagos_procesados\2026-06\WhatsApp Image 2026-06-04 at 12.04.57 PM.jpeg
2026-06,WhatsApp Image 2026-06-04 at 12.04.57 PM.jpeg,2026-06-04,0000009288,"URANGA INVERSIONES, F.P",0.0,1093.29,0.0,1093.29,VERIFICADO,C:\Users\Marcos\Mi unidad\FYS\Pagos_procesados\2026-06\WhatsApp Image 2026-06-04 at 12.04.57 PM.jpeg
2026-06,WhatsApp Image 2026-06-05 at 11.17.20 AM.jpeg,2026-06-05,0000009347,AUTOMERCADO MIXMARKET CA,0.0,30.65,0.0,30.65,VERIFICADO,C:\Users\Marcos\Mi unidad\FYS\Pagos_procesados\2026-06\WhatsApp Image 2026-06-05 at 11.17.20 AM.jpeg
2026-06,WhatsApp Image 2026-06-06 at 9.15.56 AM.jpeg,2026-06-06,0000009424,GARCIA MINI MARKET CUKYS CAKES FP,0.0,40.0,0.0,40.0,VERIFICADO,C:\Users\Marcos\Mi unidad\FYS\Pagos_procesados\2026-06\WhatsApp Image 2026-06-06 at 9.15.56 AM.jpeg
2026-06,WhatsApp Image 2026-06-06 at 9.15.56 AM.jpeg,2026-06-06,0000009438,"MINI MARKET SUPERGANGA, C.A",0.0,670.33,0.0,670.33,VERIFICADO,C:\Users\Marcos\Mi unidad\FYS\Pagos_procesados\2026-06\WhatsApp Image 2026-06-06 at 9.15.56 AM.jpeg
2026-06,WhatsApp Image 2026-06-06 at 9.15.56 AM.jpeg,2026-06-06,0000009439,"AUTOMERCADO LOS AMIGOS, C.A",0.0,109.56,0.0,109.56,VERIFICADO,C:\Users\Marcos\Mi unidad\FYS\Pagos_procesados\2026-06\WhatsApp Image 2026-06-06 at 9.15.56 AM.jpeg
2026-06,WhatsApp Image 2026-06-06 at 9.15.56 AM.jpeg,2026-06-06,0000009449,BODEGON EL IMPERIO CA,0.0,55.0,0.0,55.0,VERIFICADO,C:\Users\Marcos\Mi unidad\FYS\Pagos_procesados\2026-06\WhatsApp Image 2026-06-06 at 9.15.56 AM.jpeg
2026-06,WhatsApp Image 2026-06-06 at 9.15.56 AM.jpeg,2026-06-06,0000009450,VIVERES ASIA,0.0,98.83,0.0,98.83,VERIFICADO,C:\Users\Marcos\Mi unidad\FYS\Pagos_procesados\2026-06\WhatsApp Image 2026-06-06 at 9.15.56 AM.jpeg
2026-06,WhatsApp Image 2026-06-09 at 4.24.09 PM.jpeg,2026-06-09,0000009529,GARCIA MINI MARKET CUKYS CAKES FP,0.0,40.0,0.0,40.0,VERIFICADO,C:\Users\Marcos\Mi unidad\FYS\Pagos_procesados\2026-06\WhatsApp Image 2026-06-09 at 4.24.09 PM.jpeg
2026-06,WhatsApp Image 2026-06-10 at 11.59.20 AM.jpeg,2026-06-10,0000009558,SUPERMERCADO BARRIO SUCRE 88 F.P,0.0,67.2,0.0,67.2,VERIFICADO,C:\Users\Marcos\Mi unidad\FYS\Pagos_procesados\2026-06\WhatsApp Image 2026-06-10 at 11.59.20 AM.jpeg
2026-06,WhatsApp Image 2026-06-11 at 9.47.44 AM.jpeg,2026-06-11,0000009564,ROSARIO INVERSIONES EXITO FP,0.0,206.58,0.0,206.58,VERIFICADO,C:\Users\Marcos\Mi unidad\FYS\Pagos_procesados\2026-06\WhatsApp Image 2026-06-11 at 9.47.44 AM.jpeg
2026-06,WhatsApp Image 2026-06-11 at 9.47.44 AM.jpeg,2026-06-11,0000009572,BODEGON EL IMPERIO CA,0.0,55.0,0.0,55.0,VERIFICADO,C:\Users\Marcos\Mi unidad\FYS\Pagos_procesados\2026-06\WhatsApp Image 2026-06-11 at 9.47.44 AM.jpeg
2026-06,WhatsApp Image 2026-06-11 at 9.47.44 AM.jpeg,2026-06-11,0000009574,SUPER CASA WIPI,0.0,265.01,0.0,265.01,VERIFICADO,C:\Users\Marcos\Mi unidad\FYS\Pagos_procesados\2026-06\WhatsApp Image 2026-06-11 at 9.47.44 AM.jpeg
2026-06,WhatsApp Image 2026-06-12 at 11.49.53 AM.jpeg,2026-06-12,0000009654,"AUTOMERCADO CLASIC URBANEJA, C.A",0.0,416.97,0.0,416.97,VERIFICADO,C:\Users\Marcos\Mi unidad\FYS\Pagos_procesados\2026-06\WhatsApp Image 2026-06-12 at 11.49.53 AM.jpeg
2026-06,WhatsApp Image 2026-06-12 at 11.49.53 AM.jpeg,2026-06-12,0000009655,SUPERMERCADO Y CONFITERIA DISNEY,0.0,200.0,0.0,200.0,VERIFICADO,C:\Users\Marcos\Mi unidad\FYS\Pagos_procesados\2026-06\WhatsApp Image 2026-06-12 at 11.49.53 AM.jpeg
2026-06,WhatsApp Image 2026-06-12 at 11.49.53 AM.jpeg,2026-06-12,0000009656,LA REINA DEL FARO 2023 C.A,0.0,200.01,0.0,200.01,VERIFICADO,C:\Users\Marcos\Mi unidad\FYS\Pagos_procesados\2026-06\WhatsApp Image 2026-06-12 at 11.49.53 AM.jpeg
2026-06,WhatsApp Image 2026-06-12 at 11.49.53 AM.jpeg,2026-06-12,0000009657,MULTITIENDA BARCELONA CA,0.0,98.45,0.0,98.45,VERIFICADO,C:\Users\Marcos\Mi unidad\FYS\Pagos_procesados\2026-06\WhatsApp Image 2026-06-12 at 11.49.53 AM.jpeg
2026-06,WhatsApp Image 2026-06-12 at 11.49.53 AM.jpeg,2026-06-12,0000009658,VIVERES ASIA,0.0,95.59,0.0,95.59,VERIFICADO,C:\Users\Marcos\Mi unidad\FYS\Pagos_procesados\2026-06\WhatsApp Image 2026-06-12 at 11.49.53 AM.jpeg
2026-06,WhatsApp Image 2026-06-12 at 11.49.53 AM.jpeg,2026-06-12,0000009659,ZHENG INVERSIONES SUPERIOR FP,0.0,1200.95,0.0,1200.95,VERIFICADO,C:\Users\Marcos\Mi unidad\FYS\Pagos_procesados\2026-06\WhatsApp Image 2026-06-12 at 11.49.53 AM.jpeg
2026-06,WhatsApp Image 2026-06-12 at 11.49.53 AM.jpeg,2026-06-12,0000009726,AUTOMERCADO PACIFICO,0.0,529.18,0.0,529.18,VERIFICADO,C:\Users\Marcos\Mi unidad\FYS\Pagos_procesados\2026-06\WhatsApp Image 2026-06-12 at 11.49.53 AM.jpeg
2026-06,WhatsApp Image 2026-06-12 at 11.49.53 AM.jpeg,2026-06-12,0000009727,CEN BOLIVAR,0.0,203.58,0.0,203.58,VERIFICADO,C:\Users\Marcos\Mi unidad\FYS\Pagos_procesados\2026-06\WhatsApp Image 2026-06-12 at 11.49.53 AM.jpeg
2026-06,WhatsApp Image 2026-06-12 at 11.49.53 AM.jpeg,2026-06-12,0000009728,CHANG SUPERMARKET 29 DE MARZO,0.0,53.68,0.0,53.68,VERIFICADO,C:\Users\Marcos\Mi unidad\FYS\Pagos_procesados\2026-06\WhatsApp Image 2026-06-12 at 11.49.53 AM.jpeg
2026-06,WhatsApp Image 2026-06-12 at 11.49.53 AM.jpeg,2026-06-12,0000009729,"MINI SUPER 2017,C.A.",0.0,473.49,0.0,473.49,VERIFICADO,C:\Users\Marcos\Mi unidad\FYS\Pagos_procesados\2026-06\WhatsApp Image 2026-06-12 at 11.49.53 AM.jpeg
2026-06,WhatsApp Image 2026-06-12 at 11.49.53 AM.jpeg,2026-06-12,0000009753,"THE HAO SUPERMARKET, C.A",0.0,1384.38,0.0,1384.38,VERIFICADO,C:\Users\Marcos\Mi unidad\FYS\Pagos_procesados\2026-06\WhatsApp Image 2026-06-12 at 11.49.53 AM.jpeg
2026-06,WhatsApp Image 2026-06-15 at 8.57.35 AM.jpeg,2026-06-15,0000009800,"AUTOMERCADO Y PANADERIA LA NARANJA, C. A.",0.0,99.16,0.0,99.16,VERIFICADO,C:\Users\Marcos\Mi unidad\FYS\Pagos_procesados\2026-06\WhatsApp Image 2026-06-15 at 8.57.35 AM.jpeg
2026-06,WhatsApp Image 2026-06-15 at 8.57.35 AM.jpeg,2026-06-15,0000009801,COSMETICOS POR TODO ZHEN FP,0.0,163.83,0.0,163.83,VERIFICADO,C:\Users\Marcos\Mi unidad\FYS\Pagos_procesados\2026-06\WhatsApp Image 2026-06-15 at 8.57.35 AM.jpeg
2026-06,WhatsApp Image 2026-06-15 at 8.57.35 AM.jpeg,2026-06-15,0000009802,SUPERMERCADO DIECIOCHO,0.0,260.16,0.0,260.16,VERIFICADO,C:\Users\Marcos\Mi unidad\FYS\Pagos_procesados\2026-06\WhatsApp Image 2026-06-15 at 8.57.35 AM.jpeg
2026-06,WhatsApp Image 2026-06-15 at 8.57.35 AM.jpeg,2026-06-15,0000009803,"INVERSIONES TIBACUY SINAI F,P",0.0,655.0,0.0,655.0,VERIFICADO,C:\Users\Marcos\Mi unidad\FYS\Pagos_procesados\2026-06\WhatsApp Image 2026-06-15 at 8.57.35 AM.jpeg
2026-06,WhatsApp Image 2026-06-15 at 8.57.35 AM.jpeg,2026-06-15,0000009870,AUTOMERCADO PACIFICO,0.0,714.83,0.0,714.83,VERIFICADO,C:\Users\Marcos\Mi unidad\FYS\Pagos_procesados\2026-06\WhatsApp Image 2026-06-15 at 8.57.35 AM.jpeg
2026-06,WhatsApp Image 2026-06-15 at 8.57.35 AM.jpeg,2026-06-15,0000009871,AUTOMERCADO PACIFICO,0.0,18.47,0.0,18.47,VERIFICADO,C:\Users\Marcos\Mi unidad\FYS\Pagos_procesados\2026-06\WhatsApp Image 2026-06-15 at 8.57.35 AM.jpeg
2026-06,WhatsApp Image 2026-06-15 at 8.57.35 AM.jpeg,2026-06-15,0000009872,"INVERSIONES F&V 2016, C.A",0.0,50.0,0.0,50.0,VERIFICADO,C:\Users\Marcos\Mi unidad\FYS\Pagos_procesados\2026-06\WhatsApp Image 2026-06-15 at 8.57.35 AM.jpeg
2026-06,WhatsApp Image 2026-06-15 at 8.57.35 AM.jpeg,2026-06-15,0000009873,LU COMERCIAL GRAN CASITA FP,0.0,186.17,0.0,186.17,VERIFICADO,C:\Users\Marcos\Mi unidad\FYS\Pagos_procesados\2026-06\WhatsApp Image 2026-06-15 at 8.57.35 AM.jpeg
2026-06,WhatsApp Image 2026-06-15 at 8.57.35 AM.jpeg,2026-06-15,0000009874,AUTO MERCADO UNIOFERTAS CENTER CA,0.0,159.27,0.0,159.27,VERIFICADO,C:\Users\Marcos\Mi unidad\FYS\Pagos_procesados\2026-06\WhatsApp Image 2026-06-15 at 8.57.35 AM.jpeg
2026-06,WhatsApp Image 2026-06-15 at 8.57.35 AM.jpeg,2026-06-15,0000009920,COMERCIAL NUEVA CARACAS 168 C.A,0.0,164.44,0.0,164.44,VERIFICADO,C:\Users\Marcos\Mi unidad\FYS\Pagos_procesados\2026-06\WhatsApp Image 2026-06-15 at 8.57.35 AM.jpeg
2026-06,WhatsApp Image 2026-06-15 at 8.57.35 AM.jpeg,2026-06-15,0000009937,"ALIMERKA, C.A.",0.0,724.9,0.0,724.9,VERIFICADO,C:\Users\Marcos\Mi unidad\FYS\Pagos_procesados\2026-06\WhatsApp Image 2026-06-15 at 8.57.35 AM.jpeg
2026-06,WhatsApp Image 2026-06-15 at 8.57.35 AM.jpeg,2026-06-15,0000009938,"LA BODEGUILLA ANDALUZ, C.A",0.0,737.71,0.0,737.71,VERIFICADO,C:\Users\Marcos\Mi unidad\FYS\Pagos_procesados\2026-06\WhatsApp Image 2026-06-15 at 8.57.35 AM.jpeg
2026-06,WhatsApp Image 2026-06-15 at 8.57.35 AM.jpeg,2026-06-15,0000009939,SUPERMERCADO BARRIO SUCRE 88 F.P,0.0,68.3,0.0,68.3,VERIFICADO,C:\Users\Marcos\Mi unidad\FYS\Pagos_procesados\2026-06\WhatsApp Image 2026-06-15 at 8.57.35 AM.jpeg
2026-06,WhatsApp Image 2026-06-15 at 8.57.35 AM.jpeg,2026-06-15,0000009940,SUPERMERCADO MINGYU CA,0.0,819.08,0.0,819.08,VERIFICADO,C:\Users\Marcos\Mi unidad\FYS\Pagos_procesados\2026-06\WhatsApp Image 2026-06-15 at 8.57.35 AM.jpeg
2026-06,WhatsApp Image 2026-06-16 at 8.20.36 AM.jpeg,2026-06-16,0000009955,"FANG KING MARKET F,P",0.0,78.53,0.0,78.53,VERIFICADO,C:\Users\Marcos\Mi unidad\FYS\Pagos_procesados\2026-06\WhatsApp Image 2026-06-16 at 8.20.36 AM.jpeg
2026-06,WhatsApp Image 2026-06-16 at 8.20.36 AM.jpeg,2026-06-16,0000009956,HOT DOGS LA PRINCIPAL CA,0.0,72.5,0.0,72.5,VERIFICADO,C:\Users\Marcos\Mi unidad\FYS\Pagos_procesados\2026-06\WhatsApp Image 2026-06-16 at 8.20.36 AM.jpeg
2026-06,WhatsApp Image 2026-06-16 at 8.20.36 AM.jpeg,2026-06-16,0000009957,LIANG SUPERMERCADO CHAO 88 FP,0.0,571.56,0.0,571.56,VERIFICADO,C:\Users\Marcos\Mi unidad\FYS\Pagos_procesados\2026-06\WhatsApp Image 2026-06-16 at 8.20.36 AM.jpeg
2026-06,WhatsApp Image 2026-06-17 at 9.07.28 AM.jpeg,2026-06-17,0000010027,"INVERSIONES TIBACUY SINAI F,P",0.0,120.0,0.0,120.0,VERIFICADO,C:\Users\Marcos\Mi unidad\FYS\Pagos_procesados\2026-06\WhatsApp Image 2026-06-17 at 9.07.28 AM.jpeg
2026-06,WhatsApp Image 2026-06-17 at 9.07.28 AM.jpeg,2026-06-17,0000010028,MULTITIENDA BARCELONA CA,0.0,598.92,0.0,598.92,VERIFICADO,C:\Users\Marcos\Mi unidad\FYS\Pagos_procesados\2026-06\WhatsApp Image 2026-06-17 at 9.07.28 AM.jpeg
2026-06,WhatsApp Image 2026-06-17 at 9.07.28 AM.jpeg,2026-06-17,0000010029,SUPERMERCADO EL VIÑEDO CA,0.0,256.54,0.0,256.54,VERIFICADO,C:\Users\Marcos\Mi unidad\FYS\Pagos_procesados\2026-06\WhatsApp Image 2026-06-17 at 9.07.28 AM.jpeg
2026-06,WhatsApp Image 2026-06-17 at 9.07.28 AM.jpeg,2026-06-17,0000010030,HOT DOGS LA PRINCIPAL CA,0.0,30.0,0.0,30.0,VERIFICADO,C:\Users\Marcos\Mi unidad\FYS\Pagos_procesados\2026-06\WhatsApp Image 2026-06-17 at 9.07.28 AM.jpeg
2026-06,WhatsApp Image 2026-06-17 at 9.07.28 AM.jpeg,2026-06-17,0000010085,"MERCATODOS ANZOATEGUI, C.A",0.0,881.99,0.0,881.99,VERIFICADO,C:\Users\Marcos\Mi unidad\FYS\Pagos_procesados\2026-06\WhatsApp Image 2026-06-17 at 9.07.28 AM.jpeg
2026-06,WhatsApp Image 2026-06-18 at 11.42.57 AM.jpeg,2026-06-18,0000010117,"TODO MARKET, C.A.",0.0,1328.66,0.0,1328.66,VERIFICADO,C:\Users\Marcos\Mi unidad\FYS\Pagos_procesados\2026-06\WhatsApp Image 2026-06-18 at 11.42.57 AM.jpeg
2026-06,WhatsApp Image 2026-06-18 at 11.42.57 AM.jpeg,2026-06-18,0000010118,EMPRENDIMIENTO SARA AMER,0.0,201.74,0.0,201.74,VERIFICADO,C:\Users\Marcos\Mi unidad\FYS\Pagos_procesados\2026-06\WhatsApp Image 2026-06-18 at 11.42.57 AM.jpeg
2026-06,WhatsApp Image 2026-06-18 at 11.42.57 AM.jpeg,2026-06-18,0000010119,"INVERSIONES TIBACUY SINAI F,P",0.0,185.0,0.0,185.0,VERIFICADO,C:\Users\Marcos\Mi unidad\FYS\Pagos_procesados\2026-06\WhatsApp Image 2026-06-18 at 11.42.57 AM.jpeg
2026-06,WhatsApp Image 2026-06-18 at 11.42.57 AM.jpeg,2026-06-18,0000010120,"INSIEME, S.A.",0.0,636.23,0.0,636.23,VERIFICADO,C:\Users\Marcos\Mi unidad\FYS\Pagos_procesados\2026-06\WhatsApp Image 2026-06-18 at 11.42.57 AM.jpeg
2026-06,WhatsApp Image 2026-06-18 at 11.42.57 AM.jpeg,2026-06-18,0000010121,"AUTOMERCADO LOS AMIGOS, C.A",0.0,230.34,0.0,230.34,VERIFICADO,C:\Users\Marcos\Mi unidad\FYS\Pagos_procesados\2026-06\WhatsApp Image 2026-06-18 at 11.42.57 AM.jpeg
2026-06,WhatsApp Image 2026-06-18 at 11.42.57 AM.jpeg,2026-06-18,0000010134,"PANADERIA Y EXQUISITECES MISS ORIENTAL, C.A",0.0,693.8,0.0,693.8,VERIFICADO,C:\Users\Marcos\Mi unidad\FYS\Pagos_procesados\2026-06\WhatsApp Image 2026-06-18 at 11.42.57 AM.jpeg
2026-06,WhatsApp Image 2026-06-18 at 11.42.57 AM.jpeg,2026-06-18,0000010170,AUTOMERCADO PACIFICO,0.0,0.0,0.0,0.0,VERIFICADO,C:\Users\Marcos\Mi unidad\FYS\Pagos_procesados\2026-06\WhatsApp Image 2026-06-18 at 11.42.57 AM.jpeg
2026-06,WhatsApp Image 2026-06-19 at 9.09.32 AM.jpeg,2026-06-19,0000010219,FRESH MARKET C.A.,0.0,355.05,0.0,355.05,VERIFICADO,C:\Users\Marcos\Mi unidad\FYS\Pagos_procesados\2026-06\WhatsApp Image 2026-06-19 at 9.09.32 AM.jpeg
2026-06,WhatsApp Image 2026-06-24 at 2.40.45 PM.jpeg,2026-06-24,0000010420,CEN BOLIVAR,0.0,300.0,0.0,300.0,VERIFICADO,C:\Users\Marcos\Mi unidad\FYS\Pagos_procesados\2026-06\WhatsApp Image 2026-06-24 at 2.40.45 PM.jpeg
2026-06,WhatsApp Image 2026-06-24 at 2.40.45 PM.jpeg,2026-06-24,0000010421,HUANG COMERCIAL LUCKY HACIENDA 88 FP,0.0,148.49,0.0,148.49,VERIFICADO,C:\Users\Marcos\Mi unidad\FYS\Pagos_procesados\2026-06\WhatsApp Image 2026-06-24 at 2.40.45 PM.jpeg
2026-06,WhatsApp Image 2026-06-24 at 2.40.45 PM.jpeg,2026-06-24,0000010422,BOLIVAR INVERSIONES CHADAI FP,0.0,149.4,0.0,149.4,VERIFICADO,C:\Users\Marcos\Mi unidad\FYS\Pagos_procesados\2026-06\WhatsApp Image 2026-06-24 at 2.40.45 PM.jpeg
2026-06,WhatsApp Image 2026-06-24 at 2.40.45 PM.jpeg,2026-06-24,0000010469,COMERCIALIZADORA PEREDA,0.0,100.0,0.0,100.0,VERIFICADO,C:\Users\Marcos\Mi unidad\FYS\Pagos_procesados\2026-06\WhatsApp Image 2026-06-24 at 2.40.45 PM.jpeg
2026-06,WhatsApp Image 2026-06-24 at 2.40.45 PM.jpeg,2026-06-24,0000010470,BAKERY BAO BAO C.A,0.0,81.39,0.0,81.39,VERIFICADO,C:\Users\Marcos\Mi unidad\FYS\Pagos_procesados\2026-06\WhatsApp Image 2026-06-24 at 2.40.45 PM.jpeg
2026-06,WhatsApp Image 2026-06-24 at 2.40.45 PM.jpeg,2026-06-24,0000010471,"URANGA INVERSIONES, F.P",0.0,1294.1,0.0,1294.1,VERIFICADO,C:\Users\Marcos\Mi unidad\FYS\Pagos_procesados\2026-06\WhatsApp Image 2026-06-24 at 2.40.45 PM.jpeg
2026-06,WhatsApp Image 2026-06-24 at 2.40.45 PM.jpeg,2026-06-24,0000010472,LA TURCA 1 CA,0.0,279.41,0.0,279.41,VERIFICADO,C:\Users\Marcos\Mi unidad\FYS\Pagos_procesados\2026-06\WhatsApp Image 2026-06-24 at 2.40.45 PM.jpeg
2026-06,WhatsApp Image 2026-06-24 at 2.40.45 PM.jpeg,2026-06-24,0000010473,LA TURCA 1 CA,0.0,209.47,0.0,209.47,VERIFICADO,C:\Users\Marcos\Mi unidad\FYS\Pagos_procesados\2026-06\WhatsApp Image 2026-06-24 at 2.40.45 PM.jpeg
2026-06,WhatsApp Image 2026-06-24 at 2.40.45 PM.jpeg,2026-06-24,0000010474,"THE HAO SUPERMARKET, C.A",0.0,414.29,0.0,414.29,VERIFICADO,C:\Users\Marcos\Mi unidad\FYS\Pagos_procesados\2026-06\WhatsApp Image 2026-06-24 at 2.40.45 PM.jpeg
2026-06,WhatsApp Image 2026-06-24 at 2.40.45 PM.jpeg,2026-06-24,0000010475,SUPERMERCADO Y CONFITERIA DISNEY,0.0,265.91,0.0,265.91,VERIFICADO,C:\Users\Marcos\Mi unidad\FYS\Pagos_procesados\2026-06\WhatsApp Image 2026-06-24 at 2.40.45 PM.jpeg
2026-06,WhatsApp Image 2026-06-24 at 2.40.45 PM.jpeg,2026-06-24,0000010476,VIVERES ASIA,0.0,248.57,0.0,248.57,VERIFICADO,C:\Users\Marcos\Mi unidad\FYS\Pagos_procesados\2026-06\WhatsApp Image 2026-06-24 at 2.40.45 PM.jpeg
2026-06,WhatsApp Image 2026-06-24 at 2.40.45 PM.jpeg,2026-06-24,0000010477,VIVERES ASIA,0.0,498.67,0.0,498.67,VERIFICADO,C:\Users\Marcos\Mi unidad\FYS\Pagos_procesados\2026-06\WhatsApp Image 2026-06-24 at 2.40.45 PM.jpeg
2026-06,WhatsApp Image 2026-06-24 at 2.40.45 PM.jpeg,2026-06-24,0000010478,MARKET LUISAR CA,0.0,150.0,0.0,150.0,VERIFICADO,C:\Users\Marcos\Mi unidad\FYS\Pagos_procesados\2026-06\WhatsApp Image 2026-06-24 at 2.40.45 PM.jpeg
2026-06,WhatsApp Image 2026-06-24 at 2.40.45 PM.jpeg,2026-06-24,0000010479,"SUPERTODO BOULEVARD, C.A",0.0,300.03,0.0,300.03,VERIFICADO,C:\Users\Marcos\Mi unidad\FYS\Pagos_procesados\2026-06\WhatsApp Image 2026-06-24 at 2.40.45 PM.jpeg
2026-06,WhatsApp Image 2026-06-25 at 9.20.33 AM.jpeg,2026-06-25,0000010546,AUTOMERCADO PACIFICO,0.0,1094.21,0.0,1094.21,VERIFICADO,C:\Users\Marcos\Mi unidad\FYS\Pagos_procesados\2026-06\WhatsApp Image 2026-06-25 at 9.20.33 AM.jpeg
2026-06,WhatsApp Image 2026-06-25 at 9.20.33 AM.jpeg,2026-06-25,0000010547,LI MEGA PORTELA F.P,0.0,282.0,0.0,282.0,VERIFICADO,C:\Users\Marcos\Mi unidad\FYS\Pagos_procesados\2026-06\WhatsApp Image 2026-06-25 at 9.20.33 AM.jpeg
2026-06,WhatsApp Image 2026-06-25 at 9.20.33 AM.jpeg,2026-06-25,0000010548,SUPERMERCADO EL ORIENTE DORADO CA,0.0,404.14,0.0,404.14,VERIFICADO,C:\Users\Marcos\Mi unidad\FYS\Pagos_procesados\2026-06\WhatsApp Image 2026-06-25 at 9.20.33 AM.jpeg
2026-06,WhatsApp Image 2026-06-26 at 8.37.54 AM.jpeg,2026-06-26,0000010599,ALVAREZ PLAZA MARKET F.P,330.87,0.0,0.0,330.87,VERIFICADO,C:\Users\Marcos\Mi unidad\FYS\Pagos_procesados\2026-06\WhatsApp Image 2026-06-26 at 8.37.54 AM.jpeg
2026-06,WhatsApp Image 2026-06-26 at 8.37.54 AM.jpeg,2026-06-26,0000010600,SUPERMERCADO BARRIO SUCRE 88 F.P,100.42,0.0,0.0,100.42,VERIFICADO,C:\Users\Marcos\Mi unidad\FYS\Pagos_procesados\2026-06\WhatsApp Image 2026-06-26 at 8.37.54 AM.jpeg
2026-06,WhatsApp Image 2026-06-27 at 8.31.54 AM.jpeg,2026-06-27,0000010681,COMERCIAL NUEVA CARACAS 168 C.A,0.0,250.06,0.0,250.06,VERIFICADO,C:\Users\Marcos\Mi unidad\FYS\Pagos_procesados\2026-06\WhatsApp Image 2026-06-27 at 8.31.54 AM.jpeg
2026-06,WhatsApp Image 2026-06-27 at 8.31.54 AM.jpeg,2026-06-27,0000010682,"FANG KING MARKET F,P",0.0,110.08,0.0,110.08,VERIFICADO,C:\Users\Marcos\Mi unidad\FYS\Pagos_procesados\2026-06\WhatsApp Image 2026-06-27 at 8.31.54 AM.jpeg
2026-06,WhatsApp Image 2026-06-27 at 8.31.54 AM.jpeg,2026-06-27,0000010683,"INVERSIONES TIBACUY SINAI F,P",0.0,543.52,0.0,543.52,VERIFICADO,C:\Users\Marcos\Mi unidad\FYS\Pagos_procesados\2026-06\WhatsApp Image 2026-06-27 at 8.31.54 AM.jpeg
2026-06,WhatsApp Image 2026-06-27 at 8.31.54 AM.jpeg,2026-06-27,0000010713,COMERCIAL EL GRAN MUNDO 888 CA,0.0,706.17,0.0,706.17,VERIFICADO,C:\Users\Marcos\Mi unidad\FYS\Pagos_procesados\2026-06\WhatsApp Image 2026-06-27 at 8.31.54 AM.jpeg
2026-06,WhatsApp Image 2026-06-29 at 9.07.14 AM.jpeg,2026-06-29,0000010776,CEN BOLIVAR,0.0,294.5,0.0,294.5,VERIFICADO,C:\Users\Marcos\Mi unidad\FYS\Pagos_procesados\2026-06\WhatsApp Image 2026-06-29 at 9.07.14 AM.jpeg
2026-06,WhatsApp Image 2026-06-29 at 9.07.14 AM.jpeg,2026-06-29,0000010777,COMERCIAL EL GRAN MUNDO 888 CA,0.0,397.2,0.0,397.2,VERIFICADO,C:\Users\Marcos\Mi unidad\FYS\Pagos_procesados\2026-06\WhatsApp Image 2026-06-29 at 9.07.14 AM.jpeg
2026-06,WhatsApp Image 2026-06-29 at 9.07.14 AM.jpeg,2026-06-29,0000010778,COMERCIAL EL GRAN MUNDO 888 CA,0.0,334.08,0.0,334.08,VERIFICADO,C:\Users\Marcos\Mi unidad\FYS\Pagos_procesados\2026-06\WhatsApp Image 2026-06-29 at 9.07.14 AM.jpeg
2026-06,WhatsApp Image 2026-06-29 at 9.07.14 AM.jpeg,2026-06-29,0000010779,SUPERMERCADO BARRIO SUCRE 88 F.P,0.0,209.04,0.0,209.04,VERIFICADO,C:\Users\Marcos\Mi unidad\FYS\Pagos_procesados\2026-06\WhatsApp Image 2026-06-29 at 9.07.14 AM.jpeg
2026-06,WhatsApp Image 2026-06-29 at 9.07.14 AM.jpeg,2026-06-29,0000010780,MINIMARKET SURTIORIENTE CA,0.0,365.34,0.0,365.34,VERIFICADO,C:\Users\Marcos\Mi unidad\FYS\Pagos_procesados\2026-06\WhatsApp Image 2026-06-29 at 9.07.14 AM.jpeg
2026-06,WhatsApp Image 2026-06-30 at 8.39.16 AM.jpeg,2026-06-30,0000010806,"LA BODEGUILLA ANDALUZ, C.A",0.0,267.54,0.0,267.54,VERIFICADO,C:\Users\Marcos\Mi unidad\FYS\Pagos_procesados\2026-06\WhatsApp Image 2026-06-30 at 8.39.16 AM.jpeg
2026-06,WhatsApp Image 2026-06-30 at 8.39.16 AM.jpeg,2026-06-30,0000010812,COMERCIALIZADORA PEREDA,0.0,150.0,0.0,150.0,VERIFICADO,C:\Users\Marcos\Mi unidad\FYS\Pagos_procesados\2026-06\WhatsApp Image 2026-06-30 at 8.39.16 AM.jpeg
2026-06,WhatsApp Image 2026-06-30 at 8.39.16 AM.jpeg,2026-06-30,0000010813,BODEGON EL IMPERIO C A,0.0,96.82,0.0,96.82,VERIFICADO,C:\Users\Marcos\Mi unidad\FYS\Pagos_procesados\2026-06\WhatsApp Image 2026-06-30 at 8.39.16 AM.jpeg
2026-06,WhatsApp Image 2026-06-30 at 8.39.16 AM.jpeg,2026-06-30,0000010814,BODEGON EL IMPERIO C A,0.0,50.25,0.0,50.25,VERIFICADO,C:\Users\Marcos\Mi unidad\FYS\Pagos_procesados\2026-06\WhatsApp Image 2026-06-30 at 8.39.16 AM.jpeg
2026-07,WhatsApp Image 2026-07-02 at 12.02.12 PM.jpeg,2026-07-02,0000010935,COMERCIALIZADORA PEREDA,0.0,434.85,0.0,434.85,VERIFICADO,C:\Users\Marcos\Mi unidad\FYS\Pagos_procesados\2026-07\WhatsApp Image 2026-07-02 at 12.02.12 PM.jpeg
2026-07,WhatsApp Image 2026-07-02 at 12.02.12 PM.jpeg,2026-07-02,0000010936,LIANG SUPERMERCADO CHAO 88 FP,0.0,481.41,0.0,481.41,VERIFICADO,C:\Users\Marcos\Mi unidad\FYS\Pagos_procesados\2026-07\WhatsApp Image 2026-07-02 at 12.02.12 PM.jpeg
2026-07,WhatsApp Image 2026-07-02 at 12.02.12 PM.jpeg,2026-07-02,0000010937,LIANG SUPERMERCADO CHAO 88 FP,0.0,242.31,0.0,242.31,VERIFICADO,C:\Users\Marcos\Mi unidad\FYS\Pagos_procesados\2026-07\WhatsApp Image 2026-07-02 at 12.02.12 PM.jpeg
2026-07,WhatsApp Image 2026-07-02 at 12.02.12 PM.jpeg,2026-07-02,0000010938,MULTITIENDA BARCELONA CA,0.0,229.48,0.0,229.48,VERIFICADO,C:\Users\Marcos\Mi unidad\FYS\Pagos_procesados\2026-07\WhatsApp Image 2026-07-02 at 12.02.12 PM.jpeg
2026-07,WhatsApp Image 2026-07-02 at 12.02.12 PM.jpeg,2026-07-02,0000010939,MINIMARKET SURTIORIENTE CA,0.0,500.0,0.0,500.0,VERIFICADO,C:\Users\Marcos\Mi unidad\FYS\Pagos_procesados\2026-07\WhatsApp Image 2026-07-02 at 12.02.12 PM.jpeg
2026-07,WhatsApp Image 2026-07-02 at 12.02.12 PM.jpeg,2026-07-02,0000010940,"TODO MARKET, C.A.",0.0,1245.8,0.0,1245.8,VERIFICADO,C:\Users\Marcos\Mi unidad\FYS\Pagos_procesados\2026-07\WhatsApp Image 2026-07-02 at 12.02.12 PM.jpeg
2026-07,WhatsApp Image 2026-07-02 at 12.02.12 PM.jpeg,2026-07-02,0000011027,SUPERMERCADO BARRIO SUCRE 88 F.P,48.28,0.0,0.0,48.28,VERIFICADO,C:\Users\Marcos\Mi unidad\FYS\Pagos_procesados\2026-07\WhatsApp Image 2026-07-02 at 12.02.12 PM.jpeg
2026-07,WhatsApp Image 2026-07-03 at 3.03.41 PM.jpeg,2026-07-03,0000011064,MULTITIENDA BARCELONA C A,0.0,369.12,0.0,369.12,SOLO_TOTAL,C:\Users\Marcos\Mi unidad\FYS\Pagos_procesados\2026-07\WhatsApp Image 2026-07-03 at 3.03.41 PM.jpeg
2026-07,WhatsApp Image 2026-07-03 at 3.03.41 PM.jpeg,2026-07-03,0000011065,VIVERES ASIA,0.0,81.92,0.0,81.92,SOLO_TOTAL,C:\Users\Marcos\Mi unidad\FYS\Pagos_procesados\2026-07\WhatsApp Image 2026-07-03 at 3.03.41 PM.jpeg
2026-07,WhatsApp Image 2026-07-03 at 3.03.41 PM.jpeg,2026-07-03,0000011066,"THE HAO SUPERMARKET, C.A",0.0,1384.04,0.0,1384.04,SOLO_TOTAL,C:\Users\Marcos\Mi unidad\FYS\Pagos_procesados\2026-07\WhatsApp Image 2026-07-03 at 3.03.41 PM.jpeg
2026-07,WhatsApp Image 2026-07-03 at 3.03.41 PM.jpeg,2026-07-03,0000011115,"MINI SUPER 2017,C.A.",0.0,1150.99,0.0,1150.99,SOLO_TOTAL,C:\Users\Marcos\Mi unidad\FYS\Pagos_procesados\2026-07\WhatsApp Image 2026-07-03 at 3.03.41 PM.jpeg
2026-07,WhatsApp Image 2026-07-03 at 3.03.41 PM.jpeg,2026-07-03,0000011116,GARCIA MINI MARKET CUKYS CAKES FP,0.0,3.36,0.0,3.36,SOLO_TOTAL,C:\Users\Marcos\Mi unidad\FYS\Pagos_procesados\2026-07\WhatsApp Image 2026-07-03 at 3.03.41 PM.jpeg
2026-07,WhatsApp Image 2026-07-04 at 12.14.30 PM.jpeg,2026-07-04,0000011145,EL CONDIMENTAZO DEL BOULEVARD CA,0.0,0.0,0.0,0.0,VERIFICADO,C:\Users\Marcos\Mi unidad\FYS\Pagos_procesados\2026-07\WhatsApp Image 2026-07-04 at 12.14.30 PM.jpeg
2026-07,WhatsApp Image 2026-07-04 at 12.14.30 PM.jpeg,2026-07-04,0000011167,SUPERMERCADO DIECIOCHO,0.0,200.0,0.0,200.0,VERIFICADO,C:\Users\Marcos\Mi unidad\FYS\Pagos_procesados\2026-07\WhatsApp Image 2026-07-04 at 12.14.30 PM.jpeg
2026-07,WhatsApp Image 2026-07-04 at 12.14.30 PM.jpeg,2026-07-04,0000011198,AUTOMERCADO PACIFICO,0.0,584.9,0.0,584.9,VERIFICADO,C:\Users\Marcos\Mi unidad\FYS\Pagos_procesados\2026-07\WhatsApp Image 2026-07-04 at 12.14.30 PM.jpeg
2026-07,WhatsApp Image 2026-07-04 at 12.14.30 PM.jpeg,2026-07-04,0000011199,AUTO MERCADO UNIOFERTAS CENTER CA,0.0,58.71,0.0,58.71,VERIFICADO,C:\Users\Marcos\Mi unidad\FYS\Pagos_procesados\2026-07\WhatsApp Image 2026-07-04 at 12.14.30 PM.jpeg
2026-07,WhatsApp Image 2026-07-04 at 12.14.30 PM.jpeg,2026-07-04,0000011200,FRESH MARKET C.A.,0.0,179.59,0.0,179.59,VERIFICADO,C:\Users\Marcos\Mi unidad\FYS\Pagos_procesados\2026-07\WhatsApp Image 2026-07-04 at 12.14.30 PM.jpeg
2026-07,WhatsApp Image 2026-07-04 at 12.14.30 PM.jpeg,2026-07-04,0000011201,LEYUMIR ELENA HENRIQUEZ LAYA,0.0,74.12,0.0,74.12,VERIFICADO,C:\Users\Marcos\Mi unidad\FYS\Pagos_procesados\2026-07\WhatsApp Image 2026-07-04 at 12.14.30 PM.jpeg
2026-07,WhatsApp Image 2026-07-06 at 8.22.00 AM.jpeg,2026-07-06,0000011218,REAL Y MEDIO SUPERMERCADO CA,0.0,0.0,0.0,0.0,VERIFICADO,C:\Users\Marcos\Mi unidad\FYS\Pagos_procesados\2026-07\WhatsApp Image 2026-07-06 at 8.22.00 AM.jpeg
2026-07,WhatsApp Image 2026-07-06 at 8.22.00 AM.jpeg,2026-07-06,0000011244,VIVERES ASIA,0.0,133.95,0.0,133.95,VERIFICADO,C:\Users\Marcos\Mi unidad\FYS\Pagos_procesados\2026-07\WhatsApp Image 2026-07-06 at 8.22.00 AM.jpeg
2026-07,WhatsApp Image 2026-07-06 at 8.22.00 AM.jpeg,2026-07-06,0000011245,VIVERES ASIA,0.0,68.02,0.0,68.02,VERIFICADO,C:\Users\Marcos\Mi unidad\FYS\Pagos_procesados\2026-07\WhatsApp Image 2026-07-06 at 8.22.00 AM.jpeg
2026-07,WhatsApp Image 2026-07-06 at 8.22.00 AM.jpeg,2026-07-06,0000011246,CHACIN MINI ABASTO FP,0.0,311.71,0.0,311.71,VERIFICADO,C:\Users\Marcos\Mi unidad\FYS\Pagos_procesados\2026-07\WhatsApp Image 2026-07-06 at 8.22.00 AM.jpeg
2026-07,WhatsApp Image 2026-07-06 at 8.22.00 AM.jpeg,2026-07-06,0000011247,EMPRENDIMIENTO SHADI HAMAD,0.0,212.24,0.0,212.24,VERIFICADO,C:\Users\Marcos\Mi unidad\FYS\Pagos_procesados\2026-07\WhatsApp Image 2026-07-06 at 8.22.00 AM.jpeg
2026-07,WhatsApp Image 2026-07-06 at 8.22.00 AM.jpeg,2026-07-06,0000011248,MARKET LUISAR CA,0.0,88.19,0.0,88.19,VERIFICADO,C:\Users\Marcos\Mi unidad\FYS\Pagos_procesados\2026-07\WhatsApp Image 2026-07-06 at 8.22.00 AM.jpeg
2026-07,WhatsApp Image 2026-07-06 at 8.22.00 AM.jpeg,2026-07-06,0000011249,LA REINA DEL FARO 2023 C.A,0.0,177.71,0.0,177.71,VERIFICADO,C:\Users\Marcos\Mi unidad\FYS\Pagos_procesados\2026-07\WhatsApp Image 2026-07-06 at 8.22.00 AM.jpeg
2026-07,WhatsApp Image 2026-07-06 at 8.22.00 AM.jpeg,2026-07-06,0000011250,SUPERMERCADO DIECIOCHO,0.0,800.0,0.0,800.0,VERIFICADO,C:\Users\Marcos\Mi unidad\FYS\Pagos_procesados\2026-07\WhatsApp Image 2026-07-06 at 8.22.00 AM.jpeg
2026-07,WhatsApp Image 2026-07-06 at 8.22.00 AM.jpeg,2026-07-06,0000011267,"AUTOMERCADO LOS AMIGOS, C.A",0.0,0.0,0.0,0.0,VERIFICADO,C:\Users\Marcos\Mi unidad\FYS\Pagos_procesados\2026-07\WhatsApp Image 2026-07-06 at 8.22.00 AM.jpeg
2026-07,WhatsApp Image 2026-07-06 at 8.22.00 AM.jpeg,2026-07-06,0000011295,ALVAREZ PLAZA MARKET F.P,0.0,77.57,0.0,77.57,VERIFICADO,C:\Users\Marcos\Mi unidad\FYS\Pagos_procesados\2026-07\WhatsApp Image 2026-07-06 at 8.22.00 AM.jpeg
2026-07,WhatsApp Image 2026-07-08 at 11.10.35 AM.jpeg,2026-07-08,0000011317,FRIGORIFICOS BRAVOS DELI CA,0.0,121.15,0.0,121.15,VERIFICADO,C:\Users\Marcos\Mi unidad\FYS\Pagos_procesados\2026-07\WhatsApp Image 2026-07-08 at 11.10.35 AM.jpeg
2026-07,WhatsApp Image 2026-07-08 at 11.10.35 AM.jpeg,2026-07-08,0000011337,SUPERMERCADO MINGYU CA,0.0,308.96,0.0,308.96,VERIFICADO,C:\Users\Marcos\Mi unidad\FYS\Pagos_procesados\2026-07\WhatsApp Image 2026-07-08 at 11.10.35 AM.jpeg
2026-07,WhatsApp Image 2026-07-08 at 11.10.35 AM.jpeg,2026-07-08,0000011338,WU COMERCIAL BRISAS DEL MAR M.Y F.P,0.0,500.0,0.0,500.0,VERIFICADO,C:\Users\Marcos\Mi unidad\FYS\Pagos_procesados\2026-07\WhatsApp Image 2026-07-08 at 11.10.35 AM.jpeg
2026-07,WhatsApp Image 2026-07-08 at 11.10.35 AM.jpeg,2026-07-08,0000011396,MULTITIENDA BARCELONA C A,0.0,320.21,0.0,320.21,VERIFICADO,C:\Users\Marcos\Mi unidad\FYS\Pagos_procesados\2026-07\WhatsApp Image 2026-07-08 at 11.10.35 AM.jpeg
2026-07,WhatsApp Image 2026-07-08 at 11.10.35 AM.jpeg,2026-07-08,0000011397,AUTOMERCADO DAVID FP,0.0,344.56,0.0,344.56,VERIFICADO,C:\Users\Marcos\Mi unidad\FYS\Pagos_procesados\2026-07\WhatsApp Image 2026-07-08 at 11.10.35 AM.jpeg
2026-07,WhatsApp Image 2026-07-08 at 11.10.35 AM.jpeg,2026-07-08,0000011398,"SUPERTODO BOULEVARD, C.A",0.0,487.8,0.0,487.8,VERIFICADO,C:\Users\Marcos\Mi unidad\FYS\Pagos_procesados\2026-07\WhatsApp Image 2026-07-08 at 11.10.35 AM.jpeg
2026-07,WhatsApp Image 2026-07-08 at 11.10.35 AM.jpeg,2026-07-08,0000011399,LATURCA1CA,0.0,43.39,0.0,43.39,VERIFICADO,C:\Users\Marcos\Mi unidad\FYS\Pagos_procesados\2026-07\WhatsApp Image 2026-07-08 at 11.10.35 AM.jpeg
2026-07,WhatsApp Image 2026-07-09 at 10.51.02 AM.jpeg,2026-07-09,0000011483,COMERCIAL NUEVA CARACAS 168 C.A,0.0,17.78,0.0,17.78,VERIFICADO,C:\Users\Marcos\Mi unidad\FYS\Pagos_procesados\2026-07\WhatsApp Image 2026-07-09 at 10.51.02 AM.jpeg
2026-07,WhatsApp Image 2026-07-09 at 10.51.02 AM.jpeg,2026-07-09,0000011484,"INVERSIONES TIBACUY SINAI F,P",0.0,87.96,0.0,87.96,VERIFICADO,C:\Users\Marcos\Mi unidad\FYS\Pagos_procesados\2026-07\WhatsApp Image 2026-07-09 at 10.51.02 AM.jpeg
2026-07,WhatsApp Image 2026-07-09 at 10.51.02 AM.jpeg,2026-07-09,0000011485,CHACIN MINI ABASTO FP,0.0,281.36,0.0,281.36,VERIFICADO,C:\Users\Marcos\Mi unidad\FYS\Pagos_procesados\2026-07\WhatsApp Image 2026-07-09 at 10.51.02 AM.jpeg
2026-07,WhatsApp Image 2026-07-09 at 10.51.02 AM.jpeg,2026-07-09,0000011490,EL MERCADITO DE LAS FRUTAS CA,0.0,2185.75,0.0,2185.75,VERIFICADO,C:\Users\Marcos\Mi unidad\FYS\Pagos_procesados\2026-07\WhatsApp Image 2026-07-09 at 10.51.02 AM.jpeg
2026-07,WhatsApp Image 2026-07-09 at 10.51.02 AM.jpeg,2026-07-09,0000011520,"MINI SUPER 2017,C.A.",0.0,1108.6,0.0,1108.6,VERIFICADO,C:\Users\Marcos\Mi unidad\FYS\Pagos_procesados\2026-07\WhatsApp Image 2026-07-09 at 10.51.02 AM.jpeg
2026-07,WhatsApp Image 2026-07-09 at 10.51.02 AM.jpeg,2026-07-09,0000011521,"MINI SUPER 2017,C.A.",0.0,94.74,0.0,94.74,VERIFICADO,C:\Users\Marcos\Mi unidad\FYS\Pagos_procesados\2026-07\WhatsApp Image 2026-07-09 at 10.51.02 AM.jpeg
2026-07,WhatsApp Image 2026-07-09 at 10.51.02 AM.jpeg,2026-07-09,0000011528,LIANG SUPERMERCADO CHAO 88 FP,0.0,0.0,0.0,0.0,VERIFICADO,C:\Users\Marcos\Mi unidad\FYS\Pagos_procesados\2026-07\WhatsApp Image 2026-07-09 at 10.51.02 AM.jpeg
2026-07,WhatsApp Image 2026-07-10 at 8.53.19 AM.jpeg,2026-07-10,0000011556,DISTRIBUIDORA MEGAMAXI C.A,0.0,463.37,0.0,463.37,SOLO_TOTAL,C:\Users\Marcos\Mi unidad\FYS\Pagos_procesados\2026-07\WhatsApp Image 2026-07-10 at 8.53.19 AM.jpeg
2026-07,WhatsApp Image 2026-07-10 at 8.53.19 AM.jpeg,2026-07-10,0000011557,DISTRIBUIDORA MEGAMAXI C.A,0.0,110.21,0.0,110.21,SOLO_TOTAL,C:\Users\Marcos\Mi unidad\FYS\Pagos_procesados\2026-07\WhatsApp Image 2026-07-10 at 8.53.19 AM.jpeg
2026-07,WhatsApp Image 2026-07-10 at 8.53.19 AM.jpeg,2026-07-10,0000011559,MERCADO LA FINCA CA,0.0,113.55,0.0,113.55,SOLO_TOTAL,C:\Users\Marcos\Mi unidad\FYS\Pagos_procesados\2026-07\WhatsApp Image 2026-07-10 at 8.53.19 AM.jpeg
2026-07,WhatsApp Image 2026-07-10 at 8.53.19 AM.jpeg,2026-07-10,0000011603,AUTOMERCADO DAVID FP,0.0,58.47,0.0,58.47,SOLO_TOTAL,C:\Users\Marcos\Mi unidad\FYS\Pagos_procesados\2026-07\WhatsApp Image 2026-07-10 at 8.53.19 AM.jpeg
2026-07,WhatsApp Image 2026-07-10 at 8.53.19 AM.jpeg,2026-07-10,0000011604,CEN SUPER MARKET,0.0,674.39,0.0,674.39,SOLO_TOTAL,C:\Users\Marcos\Mi unidad\FYS\Pagos_procesados\2026-07\WhatsApp Image 2026-07-10 at 8.53.19 AM.jpeg
2026-07,WhatsApp Image 2026-07-10 at 8.53.19 AM.jpeg,2026-07-10,0000011605,COMERCIAL NUEVA CARACAS 168 C.A,0.0,175.77,0.0,175.77,SOLO_TOTAL,C:\Users\Marcos\Mi unidad\FYS\Pagos_procesados\2026-07\WhatsApp Image 2026-07-10 at 8.53.19 AM.jpeg
2026-07,WhatsApp Image 2026-07-10 at 8.53.19 AM.jpeg,2026-07-10,0000011606,"DEPOSITADORA GIGANTE, C.A.",0.0,82.44,0.0,82.44,SOLO_TOTAL,C:\Users\Marcos\Mi unidad\FYS\Pagos_procesados\2026-07\WhatsApp Image 2026-07-10 at 8.53.19 AM.jpeg
2026-07,WhatsApp Image 2026-07-10 at 8.53.19 AM.jpeg,2026-07-10,0000011607,HIPER MERCADO COSTCO CA,0.0,982.14,0.0,982.14,SOLO_TOTAL,C:\Users\Marcos\Mi unidad\FYS\Pagos_procesados\2026-07\WhatsApp Image 2026-07-10 at 8.53.19 AM.jpeg
2026-07,WhatsApp Image 2026-07-10 at 8.53.19 AM.jpeg,2026-07-10,0000011608,"INVERSIONES F&V 2016, C.A",0.0,99.7,0.0,99.7,SOLO_TOTAL,C:\Users\Marcos\Mi unidad\FYS\Pagos_procesados\2026-07\WhatsApp Image 2026-07-10 at 8.53.19 AM.jpeg
2026-07,WhatsApp Image 2026-07-10 at 8.53.19 AM.jpeg,2026-07-10,0000011609,SUPERMERCADO BARRIO SUCRE 88 F.P,0.0,158.73,0.0,158.73,SOLO_TOTAL,C:\Users\Marcos\Mi unidad\FYS\Pagos_procesados\2026-07\WhatsApp Image 2026-07-10 at 8.53.19 AM.jpeg
2026-07,WhatsApp Image 2026-07-10 at 8.53.19 AM.jpeg,2026-07-10,0000011610,"MINI MARKET SUPERGANGA, C.A",0.0,822.96,0.0,822.96,SOLO_TOTAL,C:\Users\Marcos\Mi unidad\FYS\Pagos_procesados\2026-07\WhatsApp Image 2026-07-10 at 8.53.19 AM.jpeg
2026-07,WhatsApp Image 2026-07-11 at 10.19.33 AM.jpeg,2026-07-11,0000011653,"AUTOMERCADO Y PANADERIA LA NARANJA, C. A.",0.0,110.0,0.0,110.0,VERIFICADO,C:\Users\Marcos\Mi unidad\FYS\Pagos_procesados\2026-07\WhatsApp Image 2026-07-11 at 10.19.33 AM.jpeg
2026-07,WhatsApp Image 2026-07-11 at 10.19.33 AM.jpeg,2026-07-11,0000011654,SUPERMERCADO EL VIÑEDO CA,0.0,292.11,0.0,292.11,VERIFICADO,C:\Users\Marcos\Mi unidad\FYS\Pagos_procesados\2026-07\WhatsApp Image 2026-07-11 at 10.19.33 AM.jpeg
2026-07,WhatsApp Image 2026-07-11 at 10.19.33 AM.jpeg,2026-07-11,0000011655,HOT DOGS LA PRINCIPAL CA,0.0,46.0,0.0,46.0,VERIFICADO,C:\Users\Marcos\Mi unidad\FYS\Pagos_procesados\2026-07\WhatsApp Image 2026-07-11 at 10.19.33 AM.jpeg
2026-07,WhatsApp Image 2026-07-11 at 10.19.33 AM.jpeg,2026-07-11,0000011691,HUANG COMERCIAL LUCKY HACIENDA 88 FP,0.0,300.0,0.0,300.0,VERIFICADO,C:\Users\Marcos\Mi unidad\FYS\Pagos_procesados\2026-07\WhatsApp Image 2026-07-11 at 10.19.33 AM.jpeg
2026-07,WhatsApp Image 2026-07-11 at 10.19.33 AM.jpeg,2026-07-11,0000011692,NG DARLI MUNDO FP,0.0,315.58,0.0,315.58,VERIFICADO,C:\Users\Marcos\Mi unidad\FYS\Pagos_procesados\2026-07\WhatsApp Image 2026-07-11 at 10.19.33 AM.jpeg
2026-07,WhatsApp Image 2026-07-14 at 9.39.09 AM.jpeg,2026-07-14,0000011736,COSMETICOS POR TODO ZHEN FP,0.0,54.97,0.0,54.97,VERIFICADO,C:\Users\Marcos\Mi unidad\FYS\Pagos_procesados\2026-07\WhatsApp Image 2026-07-14 at 9.39.09 AM.jpeg
2026-07,WhatsApp Image 2026-07-14 at 9.39.09 AM.jpeg,2026-07-14,0000011737,EMPRENDIMIENTO SARA AMER,0.0,197.62,0.0,197.62,VERIFICADO,C:\Users\Marcos\Mi unidad\FYS\Pagos_procesados\2026-07\WhatsApp Image 2026-07-14 at 9.39.09 AM.jpeg
2026-07,WhatsApp Image 2026-07-14 at 9.39.09 AM.jpeg,2026-07-14,0000011738,HUANG COMERCIAL LUCKY HACIENDA 88 FP,0.0,177.65,0.0,177.65,VERIFICADO,C:\Users\Marcos\Mi unidad\FYS\Pagos_procesados\2026-07\WhatsApp Image 2026-07-14 at 9.39.09 AM.jpeg
2026-07,WhatsApp Image 2026-07-15 at 8.48.21 AM.jpeg,2026-07-15,0000011810,,0.0,0.0,0.0,0.0,SOLO_TOTAL,C:\Users\Marcos\Mi unidad\FYS\Pagos_procesados\2026-07\WhatsApp Image 2026-07-15 at 8.48.21 AM.jpeg
2026-07,WhatsApp Image 2026-07-15 at 8.48.21 AM.jpeg,2026-07-15,0000011811,,0.0,0.0,0.0,0.0,SOLO_TOTAL,C:\Users\Marcos\Mi unidad\FYS\Pagos_procesados\2026-07\WhatsApp Image 2026-07-15 at 8.48.21 AM.jpeg
2026-07,WhatsApp Image 2026-07-15 at 8.48.21 AM.jpeg,2026-07-15,0000011812,,0.0,0.0,0.0,0.0,SOLO_TOTAL,C:\Users\Marcos\Mi unidad\FYS\Pagos_procesados\2026-07\WhatsApp Image 2026-07-15 at 8.48.21 AM.jpeg
2026-07,WhatsApp Image 2026-07-15 at 8.48.21 AM.jpeg,2026-07-15,0000011813,,0.0,0.0,0.0,0.0,SOLO_TOTAL,C:\Users\Marcos\Mi unidad\FYS\Pagos_procesados\2026-07\WhatsApp Image 2026-07-15 at 8.48.21 AM.jpeg
2026-07,WhatsApp Image 2026-07-15 at 8.48.21 AM.jpeg,2026-07-15,0000011814,,0.0,0.0,0.0,0.0,SOLO_TOTAL,C:\Users\Marcos\Mi unidad\FYS\Pagos_procesados\2026-07\WhatsApp Image 2026-07-15 at 8.48.21 AM.jpeg
2026-07,WhatsApp Image 2026-07-15 at 8.48.21 AM.jpeg,2026-07-15,0000011815,,0.0,0.0,0.0,0.0,SOLO_TOTAL,C:\Users\Marcos\Mi unidad\FYS\Pagos_procesados\2026-07\WhatsApp Image 2026-07-15 at 8.48.21 AM.jpeg
2026-07,WhatsApp Image 2026-07-15 at 8.48.21 AM.jpeg,2026-07-15,0000011816,,0.0,0.0,0.0,0.0,SOLO_TOTAL,C:\Users\Marcos\Mi unidad\FYS\Pagos_procesados\2026-07\WhatsApp Image 2026-07-15 at 8.48.21 AM.jpeg
2026-07,WhatsApp Image 2026-07-15 at 8.48.21 AM.jpeg,2026-07-15,0000011817,,0.0,0.0,0.0,0.0,SOLO_TOTAL,C:\Users\Marcos\Mi unidad\FYS\Pagos_procesados\2026-07\WhatsApp Image 2026-07-15 at 8.48.21 AM.jpeg
2026-07,WhatsApp Image 2026-07-16 at 9.01.33 AM.jpeg,2026-07-16,0000011925,SUPER CASA WIPI,0.0,63.54,0.0,63.54,VERIFICADO,C:\Users\Marcos\Mi unidad\FYS\Pagos_procesados\2026-07\WhatsApp Image 2026-07-16 at 9.01.33 AM.jpeg
2026-07,WhatsApp Image 2026-07-16 at 9.01.33 AM.jpeg,2026-07-16,0000011926,LIANG SUPERMERCADO CHAO 88 FP,0.0,86.95,0.0,86.95,VERIFICADO,C:\Users\Marcos\Mi unidad\FYS\Pagos_procesados\2026-07\WhatsApp Image 2026-07-16 at 9.01.33 AM.jpeg
2026-07,WhatsApp Image 2026-07-17 at 10.52.15 AM.jpeg,2026-07-17,0000012003,"SUPERTODO BOULEVARD, C.A",0.0,114.19,0.0,114.19,VERIFICADO,C:\Users\Marcos\Mi unidad\FYS\Pagos_procesados\2026-07\WhatsApp Image 2026-07-17 at 10.52.15 AM.jpeg
2026-07,WhatsApp Image 2026-07-17 at 10.52.15 AM.jpeg,2026-07-17,0000012004,VIVERES ASIA,0.0,166.63,0.0,166.63,VERIFICADO,C:\Users\Marcos\Mi unidad\FYS\Pagos_procesados\2026-07\WhatsApp Image 2026-07-17 at 10.52.15 AM.jpeg
2026-07,WhatsApp Image 2026-07-17 at 10.52.15 AM.jpeg,2026-07-17,0000012005,ARIANNE SOFIA MORALES HERRERA,0.0,883.08,0.0,883.08,VERIFICADO,C:\Users\Marcos\Mi unidad\FYS\Pagos_procesados\2026-07\WhatsApp Image 2026-07-17 at 10.52.15 AM.jpeg
2026-07,WhatsApp Image 2026-07-17 at 10.52.15 AM.jpeg,2026-07-17,0000012006,CEN SUPER MARKET,0.0,218.48,0.0,218.48,VERIFICADO,C:\Users\Marcos\Mi unidad\FYS\Pagos_procesados\2026-07\WhatsApp Image 2026-07-17 at 10.52.15 AM.jpeg
2026-07,WhatsApp Image 2026-07-17 at 10.52.15 AM.jpeg,2026-07-17,0000012017,"ALIMERKA, C.A.",0.0,47.1,0.0,47.1,VERIFICADO,C:\Users\Marcos\Mi unidad\FYS\Pagos_procesados\2026-07\WhatsApp Image 2026-07-17 at 10.52.15 AM.jpeg
2026-07,WhatsApp Image 2026-07-17 at 10.52.15 AM.jpeg,2026-07-17,0000012018,"MERCATODOS ANZOATEGUI, C.A",0.0,2779.54,0.0,2779.54,VERIFICADO,C:\Users\Marcos\Mi unidad\FYS\Pagos_procesados\2026-07\WhatsApp Image 2026-07-17 at 10.52.15 AM.jpeg
2026-07,WhatsApp Image 2026-07-17 at 10.52.15 AM.jpeg,2026-07-17,0000012019,SUPERMERCADO MINGYU CA,0.0,499.99,0.0,499.99,VERIFICADO,C:\Users\Marcos\Mi unidad\FYS\Pagos_procesados\2026-07\WhatsApp Image 2026-07-17 at 10.52.15 AM.jpeg
2026-07,WhatsApp Image 2026-07-17 at 10.52.15 AM.jpeg,2026-07-17,0000012020,"MINI MARKET SUPERGANGA, C.A",0.0,564.5,0.0,564.5,VERIFICADO,C:\Users\Marcos\Mi unidad\FYS\Pagos_procesados\2026-07\WhatsApp Image 2026-07-17 at 10.52.15 AM.jpeg
2026-07,WhatsApp Image 2026-07-17 at 10.52.15 AM.jpeg,2026-07-17,0000012021,WU COMERCIAL BRISAS DEL MAR M.Y F.P,0.0,500.0,0.0,500.0,VERIFICADO,C:\Users\Marcos\Mi unidad\FYS\Pagos_procesados\2026-07\WhatsApp Image 2026-07-17 at 10.52.15 AM.jpeg
2026-07,WhatsApp Image 2026-07-20 at 9.14.23 AM.jpeg,2026-07-20,0000012117,COMERCIAL NUEVA CARACAS 168 C.A,0.0,81.92,0.0,81.92,VERIFICADO,C:\Users\Marcos\Mi unidad\FYS\Pagos_procesados\2026-07\WhatsApp Image 2026-07-20 at 9.14.23 AM.jpeg
2026-07,WhatsApp Image 2026-07-20 at 9.14.23 AM.jpeg,2026-07-20,0000012118,LA TURCA 1 CA,0.0,151.64,0.0,151.64,VERIFICADO,C:\Users\Marcos\Mi unidad\FYS\Pagos_procesados\2026-07\WhatsApp Image 2026-07-20 at 9.14.23 AM.jpeg
2026-07,WhatsApp Image 2026-07-20 at 9.14.23 AM.jpeg,2026-07-20,0000012119,"AUTOMERCADO Y PANADERIA LA NARANJA, C. A.",0.0,100.0,0.0,100.0,VERIFICADO,C:\Users\Marcos\Mi unidad\FYS\Pagos_procesados\2026-07\WhatsApp Image 2026-07-20 at 9.14.23 AM.jpeg
2026-07,WhatsApp Image 2026-07-20 at 9.14.23 AM.jpeg,2026-07-20,0000012120,COMERCIAL EL GRAN MUNDO 888 CA,0.0,475.46,0.0,475.46,VERIFICADO,C:\Users\Marcos\Mi unidad\FYS\Pagos_procesados\2026-07\WhatsApp Image 2026-07-20 at 9.14.23 AM.jpeg
2026-07,WhatsApp Image 2026-07-20 at 9.14.23 AM.jpeg,2026-07-20,0000012121,COMERCIAL EL GRAN MUNDO 888 CA,0.0,754.78,0.0,754.78,VERIFICADO,C:\Users\Marcos\Mi unidad\FYS\Pagos_procesados\2026-07\WhatsApp Image 2026-07-20 at 9.14.23 AM.jpeg
2026-07,WhatsApp Image 2026-07-22 at 10.43.05 AM.jpeg,2026-07-22,0000012255,BODEGON EL IMPERIO CA,0.0,116.87,0.0,116.87,VERIFICADO,C:\Users\Marcos\Mi unidad\FYS\Pagos_procesados\2026-07\WhatsApp Image 2026-07-22 at 10.43.05 AM.jpeg
2026-07,WhatsApp Image 2026-07-22 at 10.43.05 AM.jpeg,2026-07-22,0000012256,BODEGON EL IMPERIO C A,0.0,53.63,0.0,53.63,VERIFICADO,C:\Users\Marcos\Mi unidad\FYS\Pagos_procesados\2026-07\WhatsApp Image 2026-07-22 at 10.43.05 AM.jpeg
2026-07,WhatsApp Image 2026-07-22 at 10.43.05 AM.jpeg,2026-07-22,0000012257,"FANG KING MARKET F,P",0.0,185.78,0.0,185.78,VERIFICADO,C:\Users\Marcos\Mi unidad\FYS\Pagos_procesados\2026-07\WhatsApp Image 2026-07-22 at 10.43.05 AM.jpeg
2026-07,WhatsApp Image 2026-07-22 at 10.43.05 AM.jpeg,2026-07-22,0000012258,"BODEMARKET,C.A",0.0,618.64,0.0,618.64,VERIFICADO,C:\Users\Marcos\Mi unidad\FYS\Pagos_procesados\2026-07\WhatsApp Image 2026-07-22 at 10.43.05 AM.jpeg
2026-07,WhatsApp Image 2026-07-22 at 10.43.05 AM.jpeg,2026-07-22,0000012314,"ALIMERKA, C.A.",0.0,57.88,0.0,57.88,VERIFICADO,C:\Users\Marcos\Mi unidad\FYS\Pagos_procesados\2026-07\WhatsApp Image 2026-07-22 at 10.43.05 AM.jpeg
2026-07,WhatsApp Image 2026-07-22 at 10.43.05 AM.jpeg,2026-07-22,0000012315,SUPERMERCADO EL ORIENTE DORADO CA,0.0,325.0,0.0,325.0,VERIFICADO,C:\Users\Marcos\Mi unidad\FYS\Pagos_procesados\2026-07\WhatsApp Image 2026-07-22 at 10.43.05 AM.jpeg
2026-07,WhatsApp Image 2026-07-22 at 10.43.05 AM.jpeg,2026-07-22,0000012316,COMERCIAL EL GRAN MUNDO 888 CA,0.0,63.78,0.0,63.78,VERIFICADO,C:\Users\Marcos\Mi unidad\FYS\Pagos_procesados\2026-07\WhatsApp Image 2026-07-22 at 10.43.05 AM.jpeg
2026-07,WhatsApp Image 2026-07-22 at 10.43.05 AM.jpeg,2026-07-22,0000012317,HECTOR LUIS FRANCESCHI GUAREPERO,0.0,231.71,0.0,231.71,VERIFICADO,C:\Users\Marcos\Mi unidad\FYS\Pagos_procesados\2026-07\WhatsApp Image 2026-07-22 at 10.43.05 AM.jpeg
2026-07,WhatsApp Image 2026-07-23 at 4.40.50 PM.jpeg,2026-07-23,0000012357,ABASTOS EL GIRASOL J&Y,0.0,75.39,0.0,75.39,VERIFICADO,C:\Users\Marcos\Mi unidad\FYS\Pagos_procesados\2026-07\WhatsApp Image 2026-07-23 at 4.40.50 PM.jpeg
2026-07,WhatsApp Image 2026-07-23 at 4.40.50 PM.jpeg,2026-07-23,0000012358,REAL Y MEDIO SUPERMERCADO CA,0.0,467.13,0.0,467.13,VERIFICADO,C:\Users\Marcos\Mi unidad\FYS\Pagos_procesados\2026-07\WhatsApp Image 2026-07-23 at 4.40.50 PM.jpeg
2026-07,WhatsApp Image 2026-07-23 at 4.40.50 PM.jpeg,2026-07-23,0000012406,"ALIMERKA, C.A.",0.0,57.88,0.0,57.88,VERIFICADO,C:\Users\Marcos\Mi unidad\FYS\Pagos_procesados\2026-07\WhatsApp Image 2026-07-23 at 4.40.50 PM.jpeg
2026-07,WhatsApp Image 2026-07-23 at 4.40.50 PM.jpeg,2026-07-23,0000012407,"COMERCIAL LA CARIDAD BENDITA, C.A",0.0,57.56,0.0,57.56,VERIFICADO,C:\Users\Marcos\Mi unidad\FYS\Pagos_procesados\2026-07\WhatsApp Image 2026-07-23 at 4.40.50 PM.jpeg
2026-07,WhatsApp Image 2026-07-23 at 4.40.50 PM.jpeg,2026-07-23,0000012408,SUPERMERCADO BARRIO SUCRE 88 F.P,0.0,82.45,0.0,82.45,VERIFICADO,C:\Users\Marcos\Mi unidad\FYS\Pagos_procesados\2026-07\WhatsApp Image 2026-07-23 at 4.40.50 PM.jpeg
2026-07,WhatsApp Image 2026-07-24 at 8.40.11 AM.jpeg,2026-07-24,0000012464,VIVERES ASIA,0.0,242.67,0.0,242.67,VERIFICADO,C:\Users\Marcos\Mi unidad\FYS\Pagos_procesados\2026-07\WhatsApp Image 2026-07-24 at 8.40.11 AM.jpeg
2026-07,WhatsApp Image 2026-07-24 at 8.40.11 AM.jpeg,2026-07-24,0000012465,CHACIN MINI ABASTO FP,0.0,300.0,0.0,300.0,VERIFICADO,C:\Users\Marcos\Mi unidad\FYS\Pagos_procesados\2026-07\WhatsApp Image 2026-07-24 at 8.40.11 AM.jpeg
2026-07,WhatsApp Image 2026-07-24 at 8.40.11 AM.jpeg,2026-07-24,0000012466,COMERCIAL TUCUSITO CA,0.0,226.66,0.0,226.66,VERIFICADO,C:\Users\Marcos\Mi unidad\FYS\Pagos_procesados\2026-07\WhatsApp Image 2026-07-24 at 8.40.11 AM.jpeg
2026-07,WhatsApp Image 2026-07-24 at 8.40.11 AM.jpeg,2026-07-24,0000012467,"AUTOMERCADO Y PANADERIA LA NARANJA, C. A",0.0,76.52,0.0,76.52,VERIFICADO,C:\Users\Marcos\Mi unidad\FYS\Pagos_procesados\2026-07\WhatsApp Image 2026-07-24 at 8.40.11 AM.jpeg
2026-07,WhatsApp Image 2026-07-24 at 8.40.11 AM.jpeg,2026-07-24,0000012468,MULTITIENDA BARCELONA C A,0.0,815.29,0.0,815.29,VERIFICADO,C:\Users\Marcos\Mi unidad\FYS\Pagos_procesados\2026-07\WhatsApp Image 2026-07-24 at 8.40.11 AM.jpeg
2026-07,WhatsApp Image 2026-07-24 at 8.40.11 AM.jpeg,2026-07-24,0000012506,"DISTRIBUIDORA DE ALIMENTOS TROCAG, CA",0.0,254.0,0.0,254.0,VERIFICADO,C:\Users\Marcos\Mi unidad\FYS\Pagos_procesados\2026-07\WhatsApp Image 2026-07-24 at 8.40.11 AM.jpeg
2026-07,WhatsApp Image 2026-07-24 at 8.40.11 AM.jpeg,2026-07-24,0000012507,"MINI MARKET SUPERGANGA, C.A",0.0,55.9,0.0,55.9,VERIFICADO,C:\Users\Marcos\Mi unidad\FYS\Pagos_procesados\2026-07\WhatsApp Image 2026-07-24 at 8.40.11 AM.jpeg
2026-07,WhatsApp Image 2026-07-24 at 8.40.11 AM.jpeg,2026-07-24,0000012508,ALVAREZ PLAZA MARKET F.P,0.0,587.8,0.0,587.8,VERIFICADO,C:\Users\Marcos\Mi unidad\FYS\Pagos_procesados\2026-07\WhatsApp Image 2026-07-24 at 8.40.11 AM.jpeg
2026-07,WhatsApp Image 2026-07-24 at 8.40.11 AM.jpeg,2026-07-24,0000012509,FRESH MARKET C.A.,0.0,114.09,0.0,114.09,VERIFICADO,C:\Users\Marcos\Mi unidad\FYS\Pagos_procesados\2026-07\WhatsApp Image 2026-07-24 at 8.40.11 AM.jpeg
2026-07,WhatsApp Image 2026-07-24 at 8.40.11 AM.jpeg,2026-07-24,0000012510,SUPERMERCADO MINGYU CA,0.0,732.7,0.0,732.7,VERIFICADO,C:\Users\Marcos\Mi unidad\FYS\Pagos_procesados\2026-07\WhatsApp Image 2026-07-24 at 8.40.11 AM.jpeg
2026-07,WhatsApp Image 2026-07-25 at 11.09.29 AM.jpeg,2026-07-25,0000012580,TREBOLLS MARKET CA,0.0,916.08,0.0,916.08,VERIFICADO,C:\Users\Marcos\Mi unidad\FYS\Pagos_procesados\2026-07\WhatsApp Image 2026-07-25 at 11.09.29 AM.jpeg
2026-07,WhatsApp Image 2026-07-28 at 12.25.23 PM.jpeg,2026-07-28,0000012598,SUPERMERCADO BARRIO SUCRE 88 F.P,56.99,0.0,0.0,56.99,VERIFICADO,C:\Users\Marcos\Mi unidad\FYS\Pagos_procesados\2026-07\WhatsApp Image 2026-07-28 at 12.25.23 PM.jpeg
2026-07,WhatsApp Image 2026-07-28 at 12.25.23 PM.jpeg,2026-07-28,0000012623,HIPER MERCADO COSTCO CA,0.0,0.0,0.0,0.0,VERIFICADO,C:\Users\Marcos\Mi unidad\FYS\Pagos_procesados\2026-07\WhatsApp Image 2026-07-28 at 12.25.23 PM.jpeg
2026-07,WhatsApp Image 2026-07-29 at 2.01.29 PM.jpeg,2026-07-29,0000012702,NUNEZ INVERSIONES KAMILA 2005 FP,0.0,100.08,0.0,100.08,VERIFICADO,C:\Users\Marcos\Mi unidad\FYS\Pagos_procesados\2026-07\WhatsApp Image 2026-07-29 at 2.01.29 PM.jpeg
2026-07,WhatsApp Image 2026-07-29 at 2.01.29 PM.jpeg,2026-07-29,0000012703,"INVERSIONES TIBACUY SINAI F,P",0.0,850.0,0.0,850.0,VERIFICADO,C:\Users\Marcos\Mi unidad\FYS\Pagos_procesados\2026-07\WhatsApp Image 2026-07-29 at 2.01.29 PM.jpeg
2026-07,WhatsApp Image 2026-07-29 at 2.01.29 PM.jpeg,2026-07-29,0000012704,AUTOMERCADO TANG 688 F.P,0.0,51.43,0.0,51.43,VERIFICADO,C:\Users\Marcos\Mi unidad\FYS\Pagos_procesados\2026-07\WhatsApp Image 2026-07-29 at 2.01.29 PM.jpeg
2026-07,WhatsApp Image 2026-07-29 at 2.01.29 PM.jpeg,2026-07-29,0000012705,"INSIEME, S.A.",0.0,1116.34,0.0,1116.34,VERIFICADO,C:\Users\Marcos\Mi unidad\FYS\Pagos_procesados\2026-07\WhatsApp Image 2026-07-29 at 2.01.29 PM.jpeg
2026-07,WhatsApp Image 2026-07-29 at 2.01.29 PM.jpeg,2026-07-29,0000012706,"URANGA INVERSIONES, F.P",0.0,1146.44,0.0,1146.44,VERIFICADO,C:\Users\Marcos\Mi unidad\FYS\Pagos_procesados\2026-07\WhatsApp Image 2026-07-29 at 2.01.29 PM.jpeg
2026-07,WhatsApp Image 2026-07-29 at 2.01.29 PM.jpeg,2026-07-29,0000012707,"SUPERTODO BOULEVARD, C.A",0.0,623.93,0.0,623.93,VERIFICADO,C:\Users\Marcos\Mi unidad\FYS\Pagos_procesados\2026-07\WhatsApp Image 2026-07-29 at 2.01.29 PM.jpeg
2026-07,WhatsApp Image 2026-07-29 at 2.01.29 PM.jpeg,2026-07-29,0000012708,SUPERMERCADO DIECIOCHO,0.0,160.63,0.0,160.63,VERIFICADO,C:\Users\Marcos\Mi unidad\FYS\Pagos_procesados\2026-07\WhatsApp Image 2026-07-29 at 2.01.29 PM.jpeg
2026-07,WhatsApp Image 2026-07-30 at 10.53.38 AM.jpeg,2026-07-30,0000012810,"ALIMERKA, C.A.",0.0,27.32,0.0,27.32,VERIFICADO,C:\Users\Marcos\Mi unidad\FYS\Pagos_procesados\2026-07\WhatsApp Image 2026-07-30 at 10.53.38 AM.jpeg
2026-07,WhatsApp Image 2026-07-30 at 10.53.38 AM.jpeg,2026-07-30,0000012811,"MERCATODOS ANZOATEGUI, C.A",0.0,1022.19,0.0,1022.19,VERIFICADO,C:\Users\Marcos\Mi unidad\FYS\Pagos_procesados\2026-07\WhatsApp Image 2026-07-30 at 10.53.38 AM.jpeg
2026-07,WhatsApp Image 2026-07-30 at 10.53.38 AM.jpeg,2026-07-30,0000012812,"MINI MARKET SUPERGANGA, C.A",0.0,333.41,0.0,333.41,VERIFICADO,C:\Users\Marcos\Mi unidad\FYS\Pagos_procesados\2026-07\WhatsApp Image 2026-07-30 at 10.53.38 AM.jpeg
2026-07,WhatsApp Image 2026-07-30 at 10.53.38 AM.jpeg,2026-07-30,0000012854,"AUTOMERCADO CLASIC URBANEJA, C.A",0.0,352.94,0.0,352.94,VERIFICADO,C:\Users\Marcos\Mi unidad\FYS\Pagos_procesados\2026-07\WhatsApp Image 2026-07-30 at 10.53.38 AM.jpeg
2026-07,WhatsApp Image 2026-07-30 at 10.53.38 AM.jpeg,2026-07-30,0000012855,VIVERES ASIA,0.0,174.44,0.0,174.44,VERIFICADO,C:\Users\Marcos\Mi unidad\FYS\Pagos_procesados\2026-07\WhatsApp Image 2026-07-30 at 10.53.38 AM.jpeg
2026-07,WhatsApp Image 2026-07-30 at 10.53.38 AM.jpeg,2026-07-30,0000012856,VIVERES ASIA,0.0,685.39,0.0,685.39,VERIFICADO,C:\Users\Marcos\Mi unidad\FYS\Pagos_procesados\2026-07\WhatsApp Image 2026-07-30 at 10.53.38 AM.jpeg
2026-07,WhatsApp Image 2026-07-30 at 10.53.38 AM.jpeg,2026-07-30,0000012857,"INVERSIONES TIBACUY SINAI F,P",0.0,400.0,0.0,400.0,VERIFICADO,C:\Users\Marcos\Mi unidad\FYS\Pagos_procesados\2026-07\WhatsApp Image 2026-07-30 at 10.53.38 AM.jpeg
2026-07,WhatsApp Image 2026-07-30 at 10.53.38 AM.jpeg,2026-07-30,0000012858,MULTITIENDA BARCELONA CA,0.0,539.25,0.0,539.25,VERIFICADO,C:\Users\Marcos\Mi unidad\FYS\Pagos_procesados\2026-07\WhatsApp Image 2026-07-30 at 10.53.38 AM.jpeg
2026-07,WhatsApp Image 2026-07-30 at 10.53.38 AM.jpeg,2026-07-30,0000012859,LI MEGA PORTELA F.P,0.0,1276.45,0.0,1276.45,VERIFICADO,C:\Users\Marcos\Mi unidad\FYS\Pagos_procesados\2026-07\WhatsApp Image 2026-07-30 at 10.53.38 AM.jpeg
2026-07,WhatsApp Image 2026-07-30 at 10.53.38 AM.jpeg,2026-07-30,0000012860,VARIEDADES LA CONQUISTA 2022 CA,0.0,69.46,0.0,69.46,VERIFICADO,C:\Users\Marcos\Mi unidad\FYS\Pagos_procesados\2026-07\WhatsApp Image 2026-07-30 at 10.53.38 AM.jpeg
2026-07,WhatsApp Image 2026-07-30 at 10.53.38 AM.jpeg,2026-07-30,0000012861,BAKERY BAO BAO C.A,0.0,97.12,0.0,97.12,VERIFICADO,C:\Users\Marcos\Mi unidad\FYS\Pagos_procesados\2026-07\WhatsApp Image 2026-07-30 at 10.53.38 AM.jpeg
2026-07,WhatsApp Image 2026-07-31 at 8.33.16 AM.jpeg,2026-07-31,0000012928,EMPRENDIMIENTO LENNYS BARRETO,0.0,237.67,0.0,237.67,VERIFICADO,C:\Users\Marcos\Mi unidad\FYS\Pagos_procesados\2026-07\WhatsApp Image 2026-07-31 at 8.33.16 AM.jpeg
2026-07,WhatsApp Image 2026-07-31 at 8.33.16 AM.jpeg,2026-07-31,0000012929,FRIGORIFICO LOMO DORADO CA,0.0,138.56,0.0,138.56,VERIFICADO,C:\Users\Marcos\Mi unidad\FYS\Pagos_procesados\2026-07\WhatsApp Image 2026-07-31 at 8.33.16 AM.jpeg
2026-07,WhatsApp Image 2026-07-31 at 8.33.16 AM.jpeg,2026-07-31,0000012930,ELITE 3000 ORIENTE C.A,0.0,127.15,0.0,127.15,VERIFICADO,C:\Users\Marcos\Mi unidad\FYS\Pagos_procesados\2026-07\WhatsApp Image 2026-07-31 at 8.33.16 AM.jpeg
2026-07,WhatsApp Image 2026-07-31 at 8.33.16 AM.jpeg,2026-07-31,0000012931,FRIGORIFICOS BRAVOS DELI CA,0.0,146.7,0.0,146.7,VERIFICADO,C:\Users\Marcos\Mi unidad\FYS\Pagos_procesados\2026-07\WhatsApp Image 2026-07-31 at 8.33.16 AM.jpeg
2026-08,WhatsApp Image 2026-08-01 at 8.22.10 AM.jpeg,2026-08-01,0000012983,COMERCIAL NUEVA CARACAS 168 C.A,0.0,296.37,0.0,296.37,VERIFICADO,C:\Users\Marcos\Mi unidad\FYS\Pagos_procesados\2026-08\WhatsApp Image 2026-08-01 at 8.22.10 AM.jpeg
2026-08,WhatsApp Image 2026-08-01 at 8.22.10 AM.jpeg,2026-08-01,0000013024,"ALIMERKA, C.A.",0.0,251.55,0.0,251.55,VERIFICADO,C:\Users\Marcos\Mi unidad\FYS\Pagos_procesados\2026-08\WhatsApp Image 2026-08-01 at 8.22.10 AM.jpeg
2026-08,WhatsApp Image 2026-08-01 at 8.22.10 AM.jpeg,2026-08-01,0000013025,AUTO MERCADO UNIOFERTAS CENTER CA,0.0,63.55,0.0,63.55,VERIFICADO,C:\Users\Marcos\Mi unidad\FYS\Pagos_procesados\2026-08\WhatsApp Image 2026-08-01 at 8.22.10 AM.jpeg
2026-08,WhatsApp Image 2026-08-01 at 8.22.10 AM.jpeg,2026-08-01,0000013026,EL BODEGON DE MOREIRA CA,0.0,262.22,0.0,262.22,VERIFICADO,C:\Users\Marcos\Mi unidad\FYS\Pagos_procesados\2026-08\WhatsApp Image 2026-08-01 at 8.22.10 AM.jpeg
2026-08,WhatsApp Image 2026-08-01 at 8.22.10 AM.jpeg,2026-08-01,0000013027,LA FRAGATA EXQUISITECES CA,0.0,244.42,0.0,244.42,VERIFICADO,C:\Users\Marcos\Mi unidad\FYS\Pagos_procesados\2026-08\WhatsApp Image 2026-08-01 at 8.22.10 AM.jpeg
2026-08,WhatsApp Image 2026-08-01 at 8.22.10 AM.jpeg,2026-08-01,0000013028,LEYUMIR ELENA HENRIQUEZ LAYA,0.0,73.36,0.0,73.36,VERIFICADO,C:\Users\Marcos\Mi unidad\FYS\Pagos_procesados\2026-08\WhatsApp Image 2026-08-01 at 8.22.10 AM.jpeg
2026-08,WhatsApp Image 2026-08-01 at 8.22.10 AM.jpeg,2026-08-01,0000013029,LEYUMIR ELENA HENRIQUEZ LAYA,0.0,75.63,0.0,75.63,VERIFICADO,C:\Users\Marcos\Mi unidad\FYS\Pagos_procesados\2026-08\WhatsApp Image 2026-08-01 at 8.22.10 AM.jpeg
2026-08,WhatsApp Image 2026-08-01 at 8.22.10 AM.jpeg,2026-08-01,0000013030,SUPERMERCADO BARRIO SUCRE 88 F.P,0.0,103.27,0.0,103.27,VERIFICADO,C:\Users\Marcos\Mi unidad\FYS\Pagos_procesados\2026-08\WhatsApp Image 2026-08-01 at 8.22.10 AM.jpeg
2026-08,WhatsApp Image 2026-08-01 at 8.22.10 AM.jpeg,2026-08-01,0000013031,WU SUPER TODO FP,0.0,131.94,0.0,131.94,VERIFICADO,C:\Users\Marcos\Mi unidad\FYS\Pagos_procesados\2026-08\WhatsApp Image 2026-08-01 at 8.22.10 AM.jpeg
2026-08,WhatsApp Image 2026-08-03 at 8.30.00 AM.jpeg,2026-08-03,0000013107,ALVAREZ PLAZA MARKET F.P,0.0,232.42,0.0,232.42,VERIFICADO,C:\Users\Marcos\Mi unidad\FYS\Pagos_procesados\2026-08\WhatsApp Image 2026-08-03 at 8.30.00 AM.jpeg
2026-08,WhatsApp Image 2026-08-03 at 8.30.00 AM.jpeg,2026-08-03,0000013108,ALVAREZ PLAZA MARKET F.P,0.0,6.15,0.0,6.15,VERIFICADO,C:\Users\Marcos\Mi unidad\FYS\Pagos_procesados\2026-08\WhatsApp Image 2026-08-03 at 8.30.00 AM.jpeg
2026-08,WhatsApp Image 2026-08-03 at 8.30.00 AM.jpeg,2026-08-03,0000013109,LU COMERCIAL GRAN CASITA FP,0.0,558.5,0.0,558.5,VERIFICADO,C:\Users\Marcos\Mi unidad\FYS\Pagos_procesados\2026-08\WhatsApp Image 2026-08-03 at 8.30.00 AM.jpeg
2026-08,WhatsApp Image 2026-08-04 at 8.43.01 AM.jpeg,2026-08-04,0000013107,ALVAREZ PLAZA MARKET F.P,0.0,232.42,0.0,232.42,VERIFICADO,C:\Users\Marcos\Mi unidad\FYS\Pagos_procesados\2026-08\WhatsApp Image 2026-08-04 at 8.43.01 AM.jpeg
2026-08,WhatsApp Image 2026-08-04 at 8.43.01 AM.jpeg,2026-08-04,0000013108,ALVAREZ PLAZA MARKET F.P,0.0,6.15,0.0,6.15,VERIFICADO,C:\Users\Marcos\Mi unidad\FYS\Pagos_procesados\2026-08\WhatsApp Image 2026-08-04 at 8.43.01 AM.jpeg
2026-08,WhatsApp Image 2026-08-04 at 8.43.01 AM.jpeg,2026-08-04,0000013109,LU COMERCIAL GRAN CASITA FP,0.0,558.5,0.0,558.5,VERIFICADO,C:\Users\Marcos\Mi unidad\FYS\Pagos_procesados\2026-08\WhatsApp Image 2026-08-04 at 8.43.01 AM.jpeg
2026-08,WhatsApp Image 2026-08-05 at 8.35.00 AM.jpeg,2026-08-05,0000013331,"BODEMARKET,C.A",0.0,420.49,0.0,420.49,VERIFICADO,C:\Users\Marcos\Mi unidad\FYS\Pagos_procesados\2026-08\WhatsApp Image 2026-08-05 at 8.35.00 AM.jpeg
2026-08,WhatsApp Image 2026-08-05 at 8.35.00 AM.jpeg,2026-08-05,0000013332,LIANG SUPERMERCADO CHAO 88 FP,0.0,451.73,0.0,451.73,VERIFICADO,C:\Users\Marcos\Mi unidad\FYS\Pagos_procesados\2026-08\WhatsApp Image 2026-08-05 at 8.35.00 AM.jpeg
2026-08,WhatsApp Image 2026-08-05 at 8.35.00 AM.jpeg,2026-08-05,0000013333,CEN SUPER MARKET,0.0,973.06,0.0,973.06,VERIFICADO,C:\Users\Marcos\Mi unidad\FYS\Pagos_procesados\2026-08\WhatsApp Image 2026-08-05 at 8.35.00 AM.jpeg
2026-08,WhatsApp Image 2026-08-05 at 8.35.00 AM.jpeg,2026-08-05,0000013334,ZHANG ABASTO LA GRAN OFERTA,0.0,66.62,0.0,66.62,VERIFICADO,C:\Users\Marcos\Mi unidad\FYS\Pagos_procesados\2026-08\WhatsApp Image 2026-08-05 at 8.35.00 AM.jpeg
2026-08,WhatsApp Image 2026-08-05 at 8.35.00 AM.jpeg,2026-08-05,0000013335,HOT DOGS LA PRINCIPAL CA,0.0,22.6,0.0,22.6,VERIFICADO,C:\Users\Marcos\Mi unidad\FYS\Pagos_procesados\2026-08\WhatsApp Image 2026-08-05 at 8.35.00 AM.jpeg
2026-08,WhatsApp Image 2026-08-05 at 8.35.00 AM.jpeg,2026-08-05,0000013336,LIELISBETH GABRIELA CORDERO ( CORDERO ALEIRBAG SHOP FP),0.0,100.0,0.0,100.0,VERIFICADO,C:\Users\Marcos\Mi unidad\FYS\Pagos_procesados\2026-08\WhatsApp Image 2026-08-05 at 8.35.00 AM.jpeg
2026-08,WhatsApp Image 2026-08-05 at 8.35.00 AM.jpeg,2026-08-05,0000013393,CEN BOLIVAR,0.0,182.34,0.0,182.34,VERIFICADO,C:\Users\Marcos\Mi unidad\FYS\Pagos_procesados\2026-08\WhatsApp Image 2026-08-05 at 8.35.00 AM.jpeg
2026-08,WhatsApp Image 2026-08-05 at 8.35.00 AM.jpeg,2026-08-05,0000013394,CHANG SUPERMARKET 29 DE MARZO,0.0,158.39,0.0,158.39,VERIFICADO,C:\Users\Marcos\Mi unidad\FYS\Pagos_procesados\2026-08\WhatsApp Image 2026-08-05 at 8.35.00 AM.jpeg
2026-08,WhatsApp Image 2026-08-05 at 8.35.00 AM.jpeg,2026-08-05,0000013395,FENG COMERCIAL CHAFERDI 2023 FP,0.0,379.56,0.0,379.56,VERIFICADO,C:\Users\Marcos\Mi unidad\FYS\Pagos_procesados\2026-08\WhatsApp Image 2026-08-05 at 8.35.00 AM.jpeg
2026-08,WhatsApp Image 2026-08-05 at 8.35.00 AM.jpeg,2026-08-05,0000013396,"LA BODEGUILLA ANDALUZ, C.A",0.0,592.84,0.0,592.84,VERIFICADO,C:\Users\Marcos\Mi unidad\FYS\Pagos_procesados\2026-08\WhatsApp Image 2026-08-05 at 8.35.00 AM.jpeg
2026-08,WhatsApp Image 2026-08-05 at 8.35.00 AM.jpeg,2026-08-05,0000013436,SUPERMERCADO BARRIO SUCRE 88 F.P,81.96,0.0,0.0,81.96,VERIFICADO,C:\Users\Marcos\Mi unidad\FYS\Pagos_procesados\2026-08\WhatsApp Image 2026-08-05 at 8.35.00 AM.jpeg
2026-08,WhatsApp Image 2026-08-06 at 8.51.44 AM.jpeg,2026-08-06,0000013331,"BODEMARKET,C.A",0.0,420.49,0.0,420.49,VERIFICADO,C:\Users\Marcos\Mi unidad\FYS\Pagos_procesados\2026-08\WhatsApp Image 2026-08-06 at 8.51.44 AM.jpeg
2026-08,WhatsApp Image 2026-08-06 at 8.51.44 AM.jpeg,2026-08-06,0000013332,LIANG SUPERMERCADO CHAO 88 FP,0.0,451.73,0.0,451.73,VERIFICADO,C:\Users\Marcos\Mi unidad\FYS\Pagos_procesados\2026-08\WhatsApp Image 2026-08-06 at 8.51.44 AM.jpeg
2026-08,WhatsApp Image 2026-08-06 at 8.51.44 AM.jpeg,2026-08-06,0000013333,CEN SUPER MARKET,0.0,973.06,0.0,973.06,VERIFICADO,C:\Users\Marcos\Mi unidad\FYS\Pagos_procesados\2026-08\WhatsApp Image 2026-08-06 at 8.51.44 AM.jpeg
2026-08,WhatsApp Image 2026-08-06 at 8.51.44 AM.jpeg,2026-08-06,0000013334,ZHANG ABASTO LA GRAN OFERTA,0.0,66.62,0.0,66.62,VERIFICADO,C:\Users\Marcos\Mi unidad\FYS\Pagos_procesados\2026-08\WhatsApp Image 2026-08-06 at 8.51.44 AM.jpeg
2026-08,WhatsApp Image 2026-08-06 at 8.51.44 AM.jpeg,2026-08-06,0000013335,HOT DOGS LA PRINCIPAL CA,0.0,22.6,0.0,22.6,VERIFICADO,C:\Users\Marcos\Mi unidad\FYS\Pagos_procesados\2026-08\WhatsApp Image 2026-08-06 at 8.51.44 AM.jpeg
2026-08,WhatsApp Image 2026-08-06 at 8.51.44 AM.jpeg,2026-08-06,0000013336,LIELISBETH GABRIELA CORDERO ( CORDERO ALEIRBAG SHOP FP),0.0,100.0,0.0,100.0,VERIFICADO,C:\Users\Marcos\Mi unidad\FYS\Pagos_procesados\2026-08\WhatsApp Image 2026-08-06 at 8.51.44 AM.jpeg
2026-08,WhatsApp Image 2026-08-06 at 8.51.44 AM.jpeg,2026-08-06,0000013393,CEN BOLIVAR,0.0,182.34,0.0,182.34,VERIFICADO,C:\Users\Marcos\Mi unidad\FYS\Pagos_procesados\2026-08\WhatsApp Image 2026-08-06 at 8.51.44 AM.jpeg
2026-08,WhatsApp Image 2026-08-06 at 8.51.44 AM.jpeg,2026-08-06,0000013394,CHANG SUPERMARKET 29 DE MARZO,0.0,158.39,0.0,158.39,VERIFICADO,C:\Users\Marcos\Mi unidad\FYS\Pagos_procesados\2026-08\WhatsApp Image 2026-08-06 at 8.51.44 AM.jpeg
2026-08,WhatsApp Image 2026-08-06 at 8.51.44 AM.jpeg,2026-08-06,0000013395,FENG COMERCIAL CHAFERDI 2023 FP,0.0,379.56,0.0,379.56,VERIFICADO,C:\Users\Marcos\Mi unidad\FYS\Pagos_procesados\2026-08\WhatsApp Image 2026-08-06 at 8.51.44 AM.jpeg
2026-08,WhatsApp Image 2026-08-06 at 8.51.44 AM.jpeg,2026-08-06,0000013396,"LA BODEGUILLA ANDALUZ, C.A",0.0,592.84,0.0,592.84,VERIFICADO,C:\Users\Marcos\Mi unidad\FYS\Pagos_procesados\2026-08\WhatsApp Image 2026-08-06 at 8.51.44 AM.jpeg
2026-08,WhatsApp Image 2026-08-06 at 8.51.44 AM.jpeg,2026-08-06,0000013436,SUPERMERCADO BARRIO SUCRE 88 F.P,81.96,0.0,0.0,81.96,VERIFICADO,C:\Users\Marcos\Mi unidad\FYS\Pagos_procesados\2026-08\WhatsApp Image 2026-08-06 at 8.51.44 AM.jpeg
2026-08,WhatsApp Image 2026-08-07 at 8.40.00 AM.jpeg,2026-08-07,0000013484,EMILY NARUMI OBANDO PERICAGUAN,0.0,341.97,0.0,341.97,VERIFICADO,C:\Users\Marcos\Mi unidad\FYS\Pagos_procesados\2026-08\WhatsApp Image 2026-08-07 at 8.40.00 AM.jpeg
2026-08,WhatsApp Image 2026-08-07 at 8.40.00 AM.jpeg,2026-08-07,0000013485,"TODO MARKET, C.A.",0.0,1461.36,0.0,1461.36,VERIFICADO,C:\Users\Marcos\Mi unidad\FYS\Pagos_procesados\2026-08\WhatsApp Image 2026-08-07 at 8.40.00 AM.jpeg
2026-08,WhatsApp Image 2026-08-07 at 8.40.00 AM.jpeg,2026-08-07,0000013486,AUTOMERCADO DAVID FP,0.0,140.45,0.0,140.45,VERIFICADO,C:\Users\Marcos\Mi unidad\FYS\Pagos_procesados\2026-08\WhatsApp Image 2026-08-07 at 8.40.00 AM.jpeg
2026-08,WhatsApp Image 2026-08-08 at 10.23.14 AM.jpeg,2026-08-08,0000013484,EMILY NARUMI OBANDO PERICAGUAN,0.0,341.97,0.0,341.97,VERIFICADO,C:\Users\Marcos\Mi unidad\FYS\Pagos_procesados\2026-08\WhatsApp Image 2026-08-08 at 10.23.14 AM.jpeg
2026-08,WhatsApp Image 2026-08-08 at 10.23.14 AM.jpeg,2026-08-08,0000013485,"TODO MARKET, C.A.",0.0,1461.36,0.0,1461.36,VERIFICADO,C:\Users\Marcos\Mi unidad\FYS\Pagos_procesados\2026-08\WhatsApp Image 2026-08-08 at 10.23.14 AM.jpeg
2026-08,WhatsApp Image 2026-08-08 at 10.23.14 AM.jpeg,2026-08-08,0000013486,AUTOMERCADO DAVID FP,0.0,140.45,0.0,140.45,VERIFICADO,C:\Users\Marcos\Mi unidad\FYS\Pagos_procesados\2026-08\WhatsApp Image 2026-08-08 at 10.23.14 AM.jpeg
2026-08,WhatsApp Image 2026-08-10 at 8.45.00 AM.jpeg,2026-08-10,0000013619,COMERCIAL EL GRAN MUNDO 888 CA,0.0,961.02,0.0,961.02,VERIFICADO,C:\Users\Marcos\Mi unidad\FYS\Pagos_procesados\2026-08\WhatsApp Image 2026-08-10 at 8.45.00 AM.jpeg
2026-08,WhatsApp Image 2026-08-10 at 8.45.00 AM.jpeg,2026-08-10,0000013645,COMERCIAL EL GRAN MUNDO 888 CA,0.0,185.14,0.0,185.14,VERIFICADO,C:\Users\Marcos\Mi unidad\FYS\Pagos_procesados\2026-08\WhatsApp Image 2026-08-10 at 8.45.00 AM.jpeg
2026-08,WhatsApp Image 2026-08-10 at 8.45.00 AM.jpeg,2026-08-10,0000013646,"MINI SUPER 2017,C.A.",0.0,171.64,0.0,171.64,VERIFICADO,C:\Users\Marcos\Mi unidad\FYS\Pagos_procesados\2026-08\WhatsApp Image 2026-08-10 at 8.45.00 AM.jpeg
2026-08,WhatsApp Image 2026-08-10 at 8.45.00 AM.jpeg,2026-08-10,0000013647,"MINI SUPER 2017,C.A.",0.0,636.98,0.0,636.98,VERIFICADO,C:\Users\Marcos\Mi unidad\FYS\Pagos_procesados\2026-08\WhatsApp Image 2026-08-10 at 8.45.00 AM.jpeg
2026-08,WhatsApp Image 2026-08-10 at 8.45.00 AM.jpeg,2026-08-10,0000013648,"MINI SUPER 2017,C.A.",0.0,89.95,0.0,89.95,VERIFICADO,C:\Users\Marcos\Mi unidad\FYS\Pagos_procesados\2026-08\WhatsApp Image 2026-08-10 at 8.45.00 AM.jpeg
2026-08,WhatsApp Image 2026-08-10 at 8.45.00 AM.jpeg,2026-08-10,0000013649,SUPERMERCADO EL ORIENTE DORADO CA,0.0,264.92,0.0,264.92,VERIFICADO,C:\Users\Marcos\Mi unidad\FYS\Pagos_procesados\2026-08\WhatsApp Image 2026-08-10 at 8.45.00 AM.jpeg
2026-08,WhatsApp Image 2026-08-11 at 8.42.02 AM (2).jpeg,2026-08-11,0000013708,SUPERCOMBO EXPRESS CA,0.0,300.0,0.0,300.0,VERIFICADO,C:\Users\Marcos\Mi unidad\FYS\Pagos_procesados\2026-08\WhatsApp Image 2026-08-11 at 8.42.02 AM (2).jpeg
2026-08,WhatsApp Image 2026-08-11 at 8.42.02 AM (2).jpeg,2026-08-11,0000013709,MULTITIENDA BARCELONA CA,0.0,722.43,0.0,722.43,VERIFICADO,C:\Users\Marcos\Mi unidad\FYS\Pagos_procesados\2026-08\WhatsApp Image 2026-08-11 at 8.42.02 AM (2).jpeg
2026-08,WhatsApp Image 2026-08-11 at 8.42.02 AM (2).jpeg,2026-08-11,0000013710,COMERCIALIZADORA PEREDA,0.0,100.0,0.0,100.0,VERIFICADO,C:\Users\Marcos\Mi unidad\FYS\Pagos_procesados\2026-08\WhatsApp Image 2026-08-11 at 8.42.02 AM (2).jpeg
2026-08,WhatsApp Image 2026-08-11 at 8.42.02 AM (2).jpeg,2026-08-11,0000013772,ZHENG INVERSIONES SUPERIOR FP,0.0,309.58,0.0,309.58,VERIFICADO,C:\Users\Marcos\Mi unidad\FYS\Pagos_procesados\2026-08\WhatsApp Image 2026-08-11 at 8.42.02 AM (2).jpeg
2026-08,WhatsApp Image 2026-08-11 at 8.42.02 AM (2).jpeg,2026-08-11,0000013782,HIPERMERCADO FAMOSO CA,0.0,1080.74,0.0,1080.74,VERIFICADO,C:\Users\Marcos\Mi unidad\FYS\Pagos_procesados\2026-08\WhatsApp Image 2026-08-11 at 8.42.02 AM (2).jpeg
2026-08,WhatsApp Image 2026-08-11 at 8.42.02 AM (2).jpeg,2026-08-11,0000013783,"ALIMERKA, C.A.",0.0,282.5,0.0,282.5,VERIFICADO,C:\Users\Marcos\Mi unidad\FYS\Pagos_procesados\2026-08\WhatsApp Image 2026-08-11 at 8.42.02 AM (2).jpeg
2026-08,WhatsApp Image 2026-08-11 at 8.42.02 AM (2).jpeg,2026-08-11,0000013784,HUANG COMERCIAL LUCKY HACIENDA 88 FP,0.0,166.16,0.0,166.16,VERIFICADO,C:\Users\Marcos\Mi unidad\FYS\Pagos_procesados\2026-08\WhatsApp Image 2026-08-11 at 8.42.02 AM (2).jpeg
2026-08,WhatsApp Image 2026-08-11 at 8.42.02 AM (2).jpeg,2026-08-11,0000013785,CEN BOLIVAR,0.0,27.83,0.0,27.83,VERIFICADO,C:\Users\Marcos\Mi unidad\FYS\Pagos_procesados\2026-08\WhatsApp Image 2026-08-11 at 8.42.02 AM (2).jpeg
2026-08,WhatsApp Image 2026-08-11 at 8.42.02 AM (2).jpeg,2026-08-11,0000013786,CEN BOLIVAR,0.0,100.0,0.0,100.0,VERIFICADO,C:\Users\Marcos\Mi unidad\FYS\Pagos_procesados\2026-08\WhatsApp Image 2026-08-11 at 8.42.02 AM (2).jpeg
2026-08,WhatsApp Image 2026-08-11 at 8.42.02 AM.jpeg,2026-08-11,0000013619,COMERCIAL EL GRAN MUNDO 888 CA,0.0,961.02,0.0,961.02,VERIFICADO,C:\Users\Marcos\Mi unidad\FYS\Pagos_procesados\2026-08\WhatsApp Image 2026-08-11 at 8.42.02 AM.jpeg
2026-08,WhatsApp Image 2026-08-11 at 8.42.02 AM.jpeg,2026-08-11,0000013645,COMERCIAL EL GRAN MUNDO 888 CA,0.0,185.14,0.0,185.14,VERIFICADO,C:\Users\Marcos\Mi unidad\FYS\Pagos_procesados\2026-08\WhatsApp Image 2026-08-11 at 8.42.02 AM.jpeg
2026-08,WhatsApp Image 2026-08-11 at 8.42.02 AM.jpeg,2026-08-11,0000013646,"MINISUPER 2017,C.A.",0.0,171.64,0.0,171.64,VERIFICADO,C:\Users\Marcos\Mi unidad\FYS\Pagos_procesados\2026-08\WhatsApp Image 2026-08-11 at 8.42.02 AM.jpeg
2026-08,WhatsApp Image 2026-08-11 at 8.42.02 AM.jpeg,2026-08-11,0000013647,"MINI SUPER 2017,C.A.",0.0,636.98,0.0,636.98,VERIFICADO,C:\Users\Marcos\Mi unidad\FYS\Pagos_procesados\2026-08\WhatsApp Image 2026-08-11 at 8.42.02 AM.jpeg
2026-08,WhatsApp Image 2026-08-11 at 8.42.02 AM.jpeg,2026-08-11,0000013648,"MINI SUPER 2017,C.A.",0.0,89.95,0.0,89.95,VERIFICADO,C:\Users\Marcos\Mi unidad\FYS\Pagos_procesados\2026-08\WhatsApp Image 2026-08-11 at 8.42.02 AM.jpeg
2026-08,WhatsApp Image 2026-08-11 at 8.42.02 AM.jpeg,2026-08-11,0000013649,SUPERMERCADO EL ORIENTE DORADO CA,0.0,264.92,0.0,264.92,VERIFICADO,C:\Users\Marcos\Mi unidad\FYS\Pagos_procesados\2026-08\WhatsApp Image 2026-08-11 at 8.42.02 AM.jpeg
2026-08,WhatsApp Image 2026-08-13 at 2.30.31 PM.jpeg,2026-08-13,0000013842,"THE HAO SUPERMARKET, C.A",0.0,696.7,0.0,696.7,VERIFICADO,C:\Users\Marcos\Mi unidad\FYS\Pagos_procesados\2026-08\WhatsApp Image 2026-08-13 at 2.30.31 PM.jpeg
2026-08,WhatsApp Image 2026-08-13 at 2.30.31 PM.jpeg,2026-08-13,0000013843,ZHANG ABASTO LA GRAN OFERTA,0.0,45.42,0.0,45.42,VERIFICADO,C:\Users\Marcos\Mi unidad\FYS\Pagos_procesados\2026-08\WhatsApp Image 2026-08-13 at 2.30.31 PM.jpeg
2026-08,WhatsApp Image 2026-08-13 at 2.30.31 PM.jpeg,2026-08-13,0000013844,SUPERMERCADO EL VIÑEDO CA,0.0,481.59,0.0,481.59,VERIFICADO,C:\Users\Marcos\Mi unidad\FYS\Pagos_procesados\2026-08\WhatsApp Image 2026-08-13 at 2.30.31 PM.jpeg
2026-08,WhatsApp Image 2026-08-13 at 2.30.31 PM.jpeg,2026-08-13,0000013845,"MERCATODOS ANZOATEGUI, C.A",0.0,2450.76,0.0,2450.76,VERIFICADO,C:\Users\Marcos\Mi unidad\FYS\Pagos_procesados\2026-08\WhatsApp Image 2026-08-13 at 2.30.31 PM.jpeg
2026-08,WhatsApp Image 2026-08-13 at 2.30.31 PM.jpeg,2026-08-13,0000013846,LIELISBETH GABRIELA CORDERO ( CORDERO ALEIRBAG SHOP FP),0.0,47.93,0.0,47.93,VERIFICADO,C:\Users\Marcos\Mi unidad\FYS\Pagos_procesados\2026-08\WhatsApp Image 2026-08-13 at 2.30.31 PM.jpeg
2026-08,WhatsApp Image 2026-08-13 at 2.30.31 PM.jpeg,2026-08-13,0000013847,"PANADERIA Y EXQUISITECES MISS ORIENTAL, C.A",0.0,96.61,0.0,96.61,VERIFICADO,C:\Users\Marcos\Mi unidad\FYS\Pagos_procesados\2026-08\WhatsApp Image 2026-08-13 at 2.30.31 PM.jpeg
2026-08,WhatsApp Image 2026-08-13 at 2.30.31 PM.jpeg,2026-08-13,0000013848,"FANG KING MARKET F,P",0.0,89.32,0.0,89.32,VERIFICADO,C:\Users\Marcos\Mi unidad\FYS\Pagos_procesados\2026-08\WhatsApp Image 2026-08-13 at 2.30.31 PM.jpeg
2026-08,WhatsApp Image 2026-08-13 at 2.30.31 PM.jpeg,2026-08-13,0000013881,SUPERMERCADO BARRIO SUCRE 88 F.P,0.0,141.01,0.0,141.01,VERIFICADO,C:\Users\Marcos\Mi unidad\FYS\Pagos_procesados\2026-08\WhatsApp Image 2026-08-13 at 2.30.31 PM.jpeg
2026-08,WhatsApp Image 2026-08-13 at 2.30.31 PM.jpeg,2026-08-13,0000013882,SUPERMERCADO MINGYU CA,0.0,285.63,0.0,285.63,VERIFICADO,C:\Users\Marcos\Mi unidad\FYS\Pagos_procesados\2026-08\WhatsApp Image 2026-08-13 at 2.30.31 PM.jpeg
2026-08,WhatsApp Image 2026-08-13 at 2.30.31 PM.jpeg,2026-08-13,0000013883,WU COMERCIAL BRISAS DEL MAR M.Y F.P,0.0,1343.34,0.0,1343.34,VERIFICADO,C:\Users\Marcos\Mi unidad\FYS\Pagos_procesados\2026-08\WhatsApp Image 2026-08-13 at 2.30.31 PM.jpeg
2026-08,WhatsApp Image 2026-08-13 at 2.30.31 PM.jpeg,2026-08-13,0000013884,LU COMERCIAL GRAN CASITA FP,0.0,357.66,0.0,357.66,VERIFICADO,C:\Users\Marcos\Mi unidad\FYS\Pagos_procesados\2026-08\WhatsApp Image 2026-08-13 at 2.30.31 PM.jpeg
2026-08,WhatsApp Image 2026-08-13 at 2.30.31 PM.jpeg,2026-08-13,0000013885,AUTO MERCADO UNIOFERTAS CENTER CA,0.0,25.1,0.0,25.1,VERIFICADO,C:\Users\Marcos\Mi unidad\FYS\Pagos_procesados\2026-08\WhatsApp Image 2026-08-13 at 2.30.31 PM.jpeg
2026-08,WhatsApp Image 2026-08-13 at 2.30.31 PM.jpeg,2026-08-13,0000013886,HIPERMERCADO FAMOSO CA,0.0,199.95,0.0,199.95,VERIFICADO,C:\Users\Marcos\Mi unidad\FYS\Pagos_procesados\2026-08\WhatsApp Image 2026-08-13 at 2.30.31 PM.jpeg
2026-08,WhatsApp Image 2026-08-13 at 2.30.31 PM.jpeg,2026-08-13,0000013887,HIPERMERCADO FAMOSO CA,0.0,981.76,0.0,981.76,VERIFICADO,C:\Users\Marcos\Mi unidad\FYS\Pagos_procesados\2026-08\WhatsApp Image 2026-08-13 at 2.30.31 PM.jpeg
2026-08,WhatsApp Image 2026-08-14 at 4.03.45 PM.jpeg,2026-08-14,0000013913,"DISTRIBUIDORA DE ALIMENTOS TROCAG, CA",0.0,409.32,0.0,409.32,VERIFICADO,C:\Users\Marcos\Mi unidad\FYS\Pagos_procesados\2026-08\WhatsApp Image 2026-08-14 at 4.03.45 PM.jpeg
2026-08,WhatsApp Image 2026-08-14 at 4.03.45 PM.jpeg,2026-08-14,0000013914,SUPERMERCADO BARRIO SUCRE 88 F.P,0.0,92.13,0.0,92.13,VERIFICADO,C:\Users\Marcos\Mi unidad\FYS\Pagos_procesados\2026-08\WhatsApp Image 2026-08-14 at 4.03.45 PM.jpeg
2026-08,WhatsApp Image 2026-08-14 at 4.03.45 PM.jpeg,2026-08-14,0000013938,MULTITIENDA BARCELONA C A,0.0,764.23,0.0,764.23,VERIFICADO,C:\Users\Marcos\Mi unidad\FYS\Pagos_procesados\2026-08\WhatsApp Image 2026-08-14 at 4.03.45 PM.jpeg
2026-08,WhatsApp Image 2026-08-14 at 4.03.45 PM.jpeg,2026-08-14,0000013939,"AUTOMERCADO LOS AMIGOS, C.A",0.0,681.64,0.0,681.64,VERIFICADO,C:\Users\Marcos\Mi unidad\FYS\Pagos_procesados\2026-08\WhatsApp Image 2026-08-14 at 4.03.45 PM.jpeg
2026-08,WhatsApp Image 2026-08-14 at 4.03.45 PM.jpeg,2026-08-14,0000013966,EDWAR RAFAEL GONZALEZ RODRIGUEZ,100.0,0.0,0.0,100.0,VERIFICADO,C:\Users\Marcos\Mi unidad\FYS\Pagos_procesados\2026-08\WhatsApp Image 2026-08-14 at 4.03.45 PM.jpeg
2026-08,WhatsApp Image 2026-08-15 at 10.27.28 AM.jpeg,2026-08-15,0000013984,SUPERMERCADO BARRIO SUCRE 88 F.P,53.64,0.0,0.0,53.64,VERIFICADO,C:\Users\Marcos\Mi unidad\FYS\Pagos_procesados\2026-08\WhatsApp Image 2026-08-15 at 10.27.28 AM.jpeg
2026-08,WhatsApp Image 2026-08-17 at 8.27.21 AM.jpeg,2026-08-17,0000014021,AUTOMERCADO MIXMARKET CA,0.0,125.15,0.0,125.15,VERIFICADO,C:\Users\Marcos\Mi unidad\FYS\Pagos_procesados\2026-08\WhatsApp Image 2026-08-17 at 8.27.21 AM.jpeg
2026-08,WhatsApp Image 2026-08-17 at 8.27.21 AM.jpeg,2026-08-17,0000014069,HIPER MERCADO COSTCO CA,0.0,891.58,0.0,891.58,VERIFICADO,C:\Users\Marcos\Mi unidad\FYS\Pagos_procesados\2026-08\WhatsApp Image 2026-08-17 at 8.27.21 AM.jpeg
2026-08,WhatsApp Image 2026-08-17 at 8.27.21 AM.jpeg,2026-08-17,0000014070,"LA BODEGUILLA ANDALUZ, C.A",0.0,966.14,0.0,966.14,VERIFICADO,C:\Users\Marcos\Mi unidad\FYS\Pagos_procesados\2026-08\WhatsApp Image 2026-08-17 at 8.27.21 AM.jpeg
2026-08,WhatsApp Image 2026-08-19 at 8.44.43 AM.jpeg,2026-08-19,0000014126,CHANG SUPERMARKET 29 DE MARZO,0.0,118.75,0.0,118.75,VERIFICADO,C:\Users\Marcos\Mi unidad\FYS\Pagos_procesados\2026-08\WhatsApp Image 2026-08-19 at 8.44.43 AM.jpeg
2026-08,WhatsApp Image 2026-08-19 at 8.44.43 AM.jpeg,2026-08-19,0000014127,LA FRAGATA EXQUISITECES CA,0.0,113.57,0.0,113.57,VERIFICADO,C:\Users\Marcos\Mi unidad\FYS\Pagos_procesados\2026-08\WhatsApp Image 2026-08-19 at 8.44.43 AM.jpeg
2026-08,WhatsApp Image 2026-08-19 at 8.44.43 AM.jpeg,2026-08-19,0000014128,SUPERMERCADO EL ORIENTE DORADO CA,0.0,414.69,0.0,414.69,VERIFICADO,C:\Users\Marcos\Mi unidad\FYS\Pagos_procesados\2026-08\WhatsApp Image 2026-08-19 at 8.44.43 AM.jpeg
2026-08,WhatsApp Image 2026-08-19 at 8.44.43 AM.jpeg,2026-08-19,0000014203,PANAD. PAST. CHARCUT. Y BOD. CITY MANZION 95 CA,0.0,316.1,0.0,316.1,VERIFICADO,C:\Users\Marcos\Mi unidad\FYS\Pagos_procesados\2026-08\WhatsApp Image 2026-08-19 at 8.44.43 AM.jpeg
2026-08,WhatsApp Image 2026-08-19 at 8.44.43 AM.jpeg,2026-08-19,0000014204,BODEGON EL IMPERIO CA,0.0,58.28,0.0,58.28,VERIFICADO,C:\Users\Marcos\Mi unidad\FYS\Pagos_procesados\2026-08\WhatsApp Image 2026-08-19 at 8.44.43 AM.jpeg
2026-08,WhatsApp Image 2026-08-19 at 8.44.43 AM.jpeg,2026-08-19,0000014205,ARIANNE SOFIA MORALES HERRERA,0.0,500.0,0.0,500.0,VERIFICADO,C:\Users\Marcos\Mi unidad\FYS\Pagos_procesados\2026-08\WhatsApp Image 2026-08-19 at 8.44.43 AM.jpeg
2026-08,WhatsApp Image 2026-08-19 at 8.44.43 AM.jpeg,2026-08-19,0000014206,SUPERMERCADO DIECIOCHO,0.0,81.92,0.0,81.92,VERIFICADO,C:\Users\Marcos\Mi unidad\FYS\Pagos_procesados\2026-08\WhatsApp Image 2026-08-19 at 8.44.43 AM.jpeg
2026-08,WhatsApp Image 2026-08-19 at 8.44.43 AM.jpeg,2026-08-19,0000014207,"MINI SUPER 2017,C.A.",0.0,776.65,0.0,776.65,VERIFICADO,C:\Users\Marcos\Mi unidad\FYS\Pagos_procesados\2026-08\WhatsApp Image 2026-08-19 at 8.44.43 AM.jpeg
2026-08,WhatsApp Image 2026-08-19 at 8.44.43 AM.jpeg,2026-08-19,0000014208,ABASTOS EL GIRASOL J&Y,0.0,169.76,0.0,169.76,VERIFICADO,C:\Users\Marcos\Mi unidad\FYS\Pagos_procesados\2026-08\WhatsApp Image 2026-08-19 at 8.44.43 AM.jpeg
2026-08,WhatsApp Image 2026-08-19 at 8.44.43 AM.jpeg,2026-08-19,0000014209,HE AUTOMERCADO YIFAN FP,0.0,588.28,0.0,588.28,VERIFICADO,C:\Users\Marcos\Mi unidad\FYS\Pagos_procesados\2026-08\WhatsApp Image 2026-08-19 at 8.44.43 AM.jpeg
2026-08,WhatsApp Image 2026-08-19 at 8.44.43 AM.jpeg,2026-08-19,0000014210,COMERCIAL NUEVA CARACAS 168 C.A,0.0,114.23,0.0,114.23,VERIFICADO,C:\Users\Marcos\Mi unidad\FYS\Pagos_procesados\2026-08\WhatsApp Image 2026-08-19 at 8.44.43 AM.jpeg
2026-08,WhatsApp Image 2026-08-19 at 8.44.43 AM.jpeg,2026-08-19,0000014211,"FANG KING MARKET F,P",0.0,43.6,0.0,43.6,VERIFICADO,C:\Users\Marcos\Mi unidad\FYS\Pagos_procesados\2026-08\WhatsApp Image 2026-08-19 at 8.44.43 AM.jpeg
2026-08,WhatsApp Image 2026-08-19 at 8.44.43 AM.jpeg,2026-08-19,0000014212,SUPER CASA WIPI,0.0,149.68,0.0,149.68,VERIFICADO,C:\Users\Marcos\Mi unidad\FYS\Pagos_procesados\2026-08\WhatsApp Image 2026-08-19 at 8.44.43 AM.jpeg
2026-08,WhatsApp Image 2026-08-19 at 8.44.43 AM.jpeg,2026-08-19,0000014213,LIANG SUPERMERCADO CHAO 88 FP,0.0,556.41,0.0,556.41,VERIFICADO,C:\Users\Marcos\Mi unidad\FYS\Pagos_procesados\2026-08\WhatsApp Image 2026-08-19 at 8.44.43 AM.jpeg
2026-08,WhatsApp Image 2026-08-20 at 8.50.12 AM.jpeg,2026-08-20,0000014347,COMERCIALIZADORA PEREDA,0.0,100.0,0.0,100.0,VERIFICADO,C:\Users\Marcos\Mi unidad\FYS\Pagos_procesados\2026-08\WhatsApp Image 2026-08-20 at 8.50.12 AM.jpeg
2026-08,WhatsApp Image 2026-08-22 at 11.38.54 AM.jpeg,2026-08-22,0000014523,COMERCIALIZADORA PEREDA,0.0,80.0,0.0,80.0,VERIFICADO,C:\Users\Marcos\Mi unidad\FYS\Pagos_procesados\2026-08\WhatsApp Image 2026-08-22 at 11.38.54 AM.jpeg
2026-08,WhatsApp Image 2026-08-22 at 11.38.54 AM.jpeg,2026-08-22,0000014554,DISTRIBUIDORA MEGAMAXI CA,0.0,562.58,0.0,562.58,VERIFICADO,C:\Users\Marcos\Mi unidad\FYS\Pagos_procesados\2026-08\WhatsApp Image 2026-08-22 at 11.38.54 AM.jpeg
2026-08,WhatsApp Image 2026-08-22 at 11.38.54 AM.jpeg,2026-08-22,0000014555,"MINI SUPER 2017,C.A.",0.0,789.68,0.0,789.68,VERIFICADO,C:\Users\Marcos\Mi unidad\FYS\Pagos_procesados\2026-08\WhatsApp Image 2026-08-22 at 11.38.54 AM.jpeg
